,Username,Champ Name,Position,Kills,Deaths,Assists,Neutral Minions Killed,Game Length,Gold Earned,Jungle CS Under 10 Min,Lane Minions Under 10 Min,Skillshots Dodged,Skillshots Hit,Solo Kills,Vision Score,Damage Dealt,Total Minions Killed,First Baron,Baron Kills,First Blood,Team Kills,First Drag,Dragon Kills,First Inhib,Inhib Kills,First Rift,Herald Kills,First Tower,Tower Kills,Damage Taken,Damage Shielded,Win
0,ItadoriYuujii,Volibear,JUNGLE,3,6,7,139,2154,11484,60.00000008940697,4,26,51,0,19,196999,58,False,0,False,28,True,1,False,0,True,1,False,3,31860,0,False
1,ItadoriYuujii,Volibear,JUNGLE,9,2,5,134,1761,12375,55.500000059604645,2,24,26,0,38,162128,31,False,0,True,33,True,4,True,2,True,2,True,9,26266,0,True
2,ItadoriYuujii,Volibear,JUNGLE,2,5,8,112,1612,8297,53.00000008940697,2,21,23,0,20,120289,20,False,0,False,29,False,1,False,0,False,0,False,2,21492,0,False
3,ItadoriYuujii,Volibear,JUNGLE,6,1,13,116,1609,10494,56.00000008940697,1,42,54,0,22,134815,20,True,1,True,43,True,2,True,3,True,2,True,10,26476,0,True
4,ItadoriYuujii,Volibear,JUNGLE,3,1,6,105,1090,6885,60.00000008940697,2,7,11,0,20,83969,6,False,0,True,16,True,2,False,0,True,1,True,3,12640,0,True
5,ItadoriYuujii,Volibear,JUNGLE,5,5,12,164,2293,12810,56.000000059604645,3,85,65,0,38,191384,33,False,0,False,24,False,4,False,0,False,0,True,3,41853,0,False
6,ItadoriYuujii,Volibear,JUNGLE,10,5,17,173,2699,17145,52.000000059604645,2,167,153,0,43,222807,43,True,1,False,54,False,6,True,4,True,1,False,11,53284,0,True
7,ItadoriYuujii,Volibear,JUNGLE,6,2,10,129,1677,11651,60.100000113248825,2,44,27,0,14,142407,38,True,1,True,26,False,3,True,3,False,1,True,11,21217,0,True
8,ItadoriYuujii,Kayn,JUNGLE,9,4,18,190,2078,16180,60.00000008940697,6,43,27,1,26,239106,46,True,1,False,46,False,3,True,3,True,1,True,11,35913,0,True
9,ItadoriYuujii,Volibear,JUNGLE,7,8,8,125,2584,14571,60.00000008940697,1,42,33,0,30,238661,74,True,1,False,52,True,3,False,2,False,0,False,7,49028,0,True
10,ItadoriYuujii,Volibear,JUNGLE,1,7,14,119,1869,9177,59.75000008940697,0,34,34,0,18,142251,29,False,0,True,38,True,2,False,0,True,1,False,3,35757,0,False
11,ItadoriYuujii,Volibear,JUNGLE,3,5,15,152,1954,11675,46.000000059604645,1,59,24,0,30,171665,32,True,1,True,31,False,4,True,2,False,0,False,10,33056,0,True
12,ItadoriYuujii,Volibear,JUNGLE,2,2,6,88,924,6315,56.00000008940697,2,0,6,1,15,78973,4,False,0,False,19,True,2,False,0,True,1,True,3,11514,0,True
13,ItadoriYuujii,Volibear,JUNGLE,6,4,9,143,1843,11260,55.750000059604645,1,56,31,1,25,171903,21,True,1,False,27,True,4,True,2,True,1,True,10,32676,0,True
14,ItadoriYuujii,Volibear,JUNGLE,2,6,7,78,1659,9433,56.00000008940697,6,54,79,0,8,104515,39,False,0,False,20,False,0,False,0,True,1,False,4,28145,0,False
15,ItadoriYuujii,Volibear,JUNGLE,7,5,15,147,2112,14176,48.000000059604645,4,58,43,1,28,214868,56,False,0,True,33,True,3,False,1,False,0,False,6,42145,0,False
16,ItadoriYuujii,Volibear,JUNGLE,8,1,13,105,1501,10557,48.000000059604645,0,43,21,1,25,106840,14,False,0,True,32,True,4,True,1,False,0,False,6,17546,0,True
17,ItadoriYuujii,Volibear,JUNGLE,4,9,29,115,2345,14662,55.500000059604645,2,90,123,0,22,176210,37,True,2,True,48,False,2,True,3,True,1,False,11,62587,0,True
18,ItadoriYuujii,Volibear,JUNGLE,7,4,14,152,1761,12744,51.500000059604645,0,32,39,1,36,177428,24,True,1,False,50,True,4,True,1,True,2,True,9,34515,0,True
19,ItadoriYuujii,Volibear,JUNGLE,6,2,3,80,1264,7702,48.000000059604645,10,25,34,0,17,89685,22,False,0,True,13,False,0,False,0,False,0,False,2,17213,0,False
20,ItadoriYuujii,Volibear,JUNGLE,3,1,2,70,760,5633,59.00000008940697,4,1,1,0,7,62427,8,False,0,True,16,True,1,False,0,True,1,True,3,7253,0,True
21,ItadoriYuujii,Volibear,JUNGLE,4,5,13,142,2109,11755,56.00000008940697,3,121,67,0,34,153047,22,False,0,False,21,False,1,False,0,True,2,False,4,38459,0,False
22,ItadoriYuujii,Volibear,JUNGLE,10,1,12,115,1346,10976,64.00000008940697,2,10,10,0,18,135903,16,False,0,True,37,True,4,True,2,True,2,True,8,19175,0,True
23,ItadoriYuujii,Volibear,JUNGLE,7,6,6,130,1893,11468,52.000000059604645,1,230,192,1,24,126451,18,True,2,False,19,False,1,True,1,True,1,True,5,31396,0,False
24,ItadoriYuujii,Volibear,JUNGLE,3,1,10,124,1314,8842,56.00000008940697,2,36,20,0,13,128541,20,False,0,True,32,True,3,True,3,False,0,True,10,16301,0,True
25,ItadoriYuujii,Volibear,JUNGLE,5,6,15,133,1992,11877,60.00000008940697,2,47,43,2,32,154806,34,True,1,True,44,False,4,True,2,True,2,True,8,36833,0,True
26,ItadoriYuujii,Volibear,JUNGLE,9,1,6,104,1498,10319,56.000000059604645,8,21,40,0,6,116394,25,True,1,False,30,False,2,False,0,False,0,False,5,21311,0,True
27,ItadoriYuujii,Volibear,JUNGLE,0,0,0,20,192,1138,20.000000029802322,0,0,0,0,0,10170,0,False,0,False,0,False,0,False,0,False,0,False,0,1457,0,True
28,ItadoriYuujii,Volibear,JUNGLE,5,2,5,146,1476,9668,60.00000008940697,1,10,21,0,32,149826,17,False,0,True,23,True,4,False,0,True,2,True,5,19976,0,True
29,ItadoriYuujii,Volibear,JUNGLE,7,2,8,128,1565,11029,48.00000008940697,3,8,8,0,24,139422,28,True,1,True,33,True,4,True,2,False,0,True,10,21858,0,True
30,ItadoriYuujii,Volibear,JUNGLE,1,2,11,136,1757,10532,64.00000008940697,2,260,67,0,17,149741,40,True,1,True,28,False,3,True,2,True,1,False,10,23606,0,True
31,ItadoriYuujii,Volibear,JUNGLE,2,1,10,123,1387,8288,51.6000000834465,0,5,9,0,22,118752,7,True,1,False,42,True,3,True,1,False,0,True,9,21730,0,True
32,ItadoriYuujii,Volibear,JUNGLE,2,6,15,106,1987,10558,49.00000008940697,1,80,27,1,29,156346,42,False,0,True,27,False,0,False,0,True,1,False,2,30814,0,False
33,ItadoriYuujii,Volibear,JUNGLE,6,4,9,136,1631,11375,68.00000008940697,1,47,46,1,18,138770,23,True,1,False,31,True,4,True,2,True,1,False,9,28274,0,True
34,ItadoriYuujii,Diana,JUNGLE,16,2,6,126,1648,14550,44.00000002980232,8,61,45,2,31,176838,48,True,1,False,41,True,3,True,1,False,1,True,8,19570,0,True
35,ItadoriYuujii,Volibear,JUNGLE,8,9,11,158,2841,17209,51.00000008940697,4,102,77,1,30,196487,38,True,2,False,41,True,2,False,1,False,0,False,7,58302,0,True
36,ItadoriYuujii,Kayn,JUNGLE,2,2,2,118,1214,6845,60.00000008940697,1,7,3,0,16,115622,15,False,0,False,34,True,2,True,1,True,1,True,8,17933,0,True
37,ItadoriYuujii,Volibear,JUNGLE,6,2,7,128,1485,10296,47.75000008940697,0,14,18,1,18,139909,10,False,0,False,32,False,2,True,2,True,1,True,9,20699,0,True
38,ItadoriYuujii,Volibear,JUNGLE,10,7,24,120,2532,16853,49.500000059604645,0,107,84,0,13,245284,65,True,2,False,50,False,2,False,1,True,1,False,6,65200,0,True
39,ItadoriYuujii,Volibear,JUNGLE,2,3,5,88,1418,7778,46.000000059604645,1,42,10,0,22,101682,38,False,0,False,15,True,1,False,0,False,0,False,2,18230,0,False
40,ItadoriYuujii,Volibear,JUNGLE,9,1,6,120,1491,10817,52.000000059604645,2,12,28,3,11,129265,17,False,0,True,39,True,4,True,1,True,1,True,10,23355,0,True
41,ItadoriYuujii,Volibear,JUNGLE,4,1,6,81,1302,7523,42.000000059604645,19,30,18,3,15,90427,36,False,0,False,10,False,0,False,0,True,1,False,1,12703,0,False
42,ItadoriYuujii,Volibear,JUNGLE,4,9,5,118,1529,9045,56.00000008940697,2,43,26,0,27,114016,15,False,0,False,18,False,1,False,0,True,1,False,4,26388,0,False
43,ItadoriYuujii,Volibear,JUNGLE,5,7,4,113,1901,10964,48.40000003576279,2,20,42,2,30,139238,50,False,0,False,24,True,3,False,0,False,0,False,6,35747,0,False
44,ItadoriYuujii,Volibear,JUNGLE,1,1,9,130,1715,9407,56.00000008940697,3,15,54,0,32,144584,20,True,1,False,28,False,3,True,3,False,1,False,11,24403,0,True
45,ItadoriYuujii,Volibear,JUNGLE,10,5,9,127,1816,11840,56.000000059604645,2,122,91,1,24,144798,14,False,0,False,28,True,2,False,0,False,0,False,0,28591,0,False
46,ItadoriYuujii,Volibear,JUNGLE,11,1,10,153,1816,13907,68.00000008940697,2,57,41,2,40,193925,37,False,0,True,35,True,4,True,3,True,1,True,11,26785,0,True
47,ItadoriYuujii,Volibear,JUNGLE,5,2,4,123,1393,8804,55.75000008940697,2,38,14,0,23,122846,11,False,0,True,25,True,1,False,0,True,2,True,4,22035,0,True
48,ItadoriYuujii,Volibear,JUNGLE,11,4,15,124,1801,13891,38.00000002980232,7,33,29,1,27,159685,38,True,2,False,52,False,2,True,1,False,0,False,8,29488,0,True
49,ItadoriYuujii,Volibear,JUNGLE,7,2,21,222,2114,17149,60.00000008940697,10,33,50,1,52,272586,46,True,2,True,55,False,4,True,3,True,2,True,11,44861,0,True
50,ItadoriYuujii,Volibear,JUNGLE,4,4,4,123,1491,8784,56.000000059604645,2,17,37,0,14,124336,18,False,0,False,28,False,2,False,0,False,1,False,3,24851,0,False
51,ItadoriYuujii,Volibear,JUNGLE,4,3,5,80,1253,7248,52.00000008940697,1,6,22,0,10,82283,30,False,0,True,16,False,1,False,0,False,0,False,0,16187,0,False
52,ItadoriYuujii,Volibear,JUNGLE,3,4,0,137,1631,9430,60.000000059604645,3,125,84,0,22,143388,28,False,0,True,16,True,3,False,0,True,1,False,4,22294,0,False
53,ItadoriYuujii,Volibear,JUNGLE,6,7,11,95,1709,10610,47.500000059604645,2,19,18,1,21,110927,18,False,0,True,28,False,1,False,0,False,0,False,2,30051,0,False
54,ItadoriYuujii,Volibear,JUNGLE,3,5,5,122,1781,8808,54.8500000834465,8,51,59,1,27,129256,25,False,0,False,34,True,2,False,0,False,0,False,2,36305,0,False
55,ItadoriYuujii,Volibear,JUNGLE,0,1,1,140,1367,7605,68.00000008940697,0,12,5,0,23,126529,5,True,1,True,18,True,3,True,3,True,2,True,11,14276,0,True
56,ItadoriYuujii,Volibear,JUNGLE,8,1,2,177,1704,12599,54.00000008940697,0,8,11,1,36,196214,25,True,1,True,30,True,4,True,2,True,1,True,10,21440,0,True
57,ItadoriYuujii,Volibear,JUNGLE,8,6,12,116,2259,15367,52.000000059604645,2,62,38,1,27,199423,79,False,0,False,42,False,2,False,0,False,0,False,5,43169,0,False
58,ItadoriYuujii,Volibear,JUNGLE,8,0,2,152,1256,10666,52.25000008940697,5,6,12,0,12,147050,17,False,0,True,17,True,3,False,0,True,2,True,5,14680,0,True
59,ItadoriYuujii,Volibear,JUNGLE,8,7,1,165,2142,12448,54.000000059604645,2,81,59,3,20,189443,28,True,1,False,27,True,4,False,0,False,1,True,7,38227,0,False
60,ItadoriYuujii,Volibear,JUNGLE,5,3,3,132,1928,10425,44.00000002980232,9,57,35,1,16,158798,37,False,0,True,11,False,0,False,0,False,0,False,0,30715,0,False
61,ItadoriYuujii,Diana,JUNGLE,4,8,10,150,1926,11521,64.00000008940697,1,29,26,1,20,199628,34,False,0,True,32,True,3,True,2,True,2,True,8,27327,0,False
62,ItadoriYuujii,Volibear,JUNGLE,4,5,5,124,1776,9727,56.00000008940697,4,23,18,0,21,126377,33,False,0,True,19,True,3,False,0,True,1,True,4,28244,0,False
63,ItadoriYuujii,Diana,JUNGLE,4,6,1,71,1302,7052,44.00000008940697,1,37,14,0,15,93036,27,False,0,True,10,False,0,False,0,False,0,False,0,16000,0,False
64,ItadoriYuujii,Diana,JUNGLE,3,1,4,122,1269,8207,60.00000008940697,0,10,6,1,19,132073,19,False,0,True,26,True,3,True,3,True,1,True,10,14507,0,True
65,ItadoriYuujii,Volibear,JUNGLE,2,7,2,72,1269,5861,40.00000002980232,4,23,51,0,17,64361,24,False,0,False,7,False,1,False,0,False,0,False,0,18429,0,False
66,ItadoriYuujii,Volibear,JUNGLE,3,3,3,119,1471,8444,48.00000002980232,0,27,12,0,18,108951,12,True,1,False,20,True,4,True,1,True,2,False,8,20419,0,True
67,ItadoriYuujii,Volibear,JUNGLE,0,5,8,128,1746,8198,56.000000059604645,1,33,37,0,21,118779,15,True,1,True,28,True,3,False,1,False,1,True,8,26126,0,True
68,ItadoriYuujii,Volibear,JUNGLE,1,7,2,109,1652,7523,60.00000008940697,1,31,33,0,24,99104,22,False,0,False,12,False,0,False,0,False,1,False,1,25532,0,False
69,ItadoriYuujii,Volibear,JUNGLE,11,4,16,120,1854,15125,48.00000002980232,13,63,52,1,20,182914,56,True,2,False,51,False,3,True,3,False,0,True,11,34088,0,True
70,ItadoriYuujii,Volibear,JUNGLE,1,4,7,132,1709,8706,52.000000059604645,4,21,26,0,29,134532,12,False,0,False,36,False,2,True,1,True,1,True,7,31124,0,True
71,ItadoriYuujii,Volibear,JUNGLE,9,8,7,113,1855,11313,46.00000008940697,3,22,33,2,26,141365,27,False,0,True,27,False,1,False,0,False,0,True,4,37759,0,False
72,ItadoriYuujii,Volibear,JUNGLE,5,3,7,136,1277,8810,64.00000005960464,0,4,16,1,17,117335,5,False,0,True,25,True,3,False,0,True,1,True,4,20195,0,True
73,ItadoriYuujii,Caitlyn,BOTTOM,3,6,8,0,1857,12081,0,58,61,19,0,15,144409,226,False,0,False,20,False,0,False,0,False,0,False,0,17307,0,False
74,ItadoriYuujii,Caitlyn,BOTTOM,0,5,4,4,1449,7273,0,41,26,27,0,8,66402,121,False,0,False,22,False,1,False,0,True,1,True,4,13324,0,False
75,ItadoriYuujii,Caitlyn,BOTTOM,8,5,7,16,2237,15948,0,87,67,30,2,39,219662,257,True,2,True,35,True,5,True,5,False,1,False,11,18594,0,True
76,ItadoriYuujii,Caitlyn,BOTTOM,9,2,5,40,1569,12001,0,78,113,40,2,9,141848,133,True,1,False,27,False,3,True,4,True,2,True,11,13836,0,True
77,ItadoriYuujii,Zac,JUNGLE,3,10,12,95,2062,9676,48.000000059604645,3,194,49,0,9,108976,27,False,0,True,44,True,1,True,1,False,0,True,5,45025,0,False
78,ItadoriYuujii,Diana,JUNGLE,3,9,5,106,1652,8302,60.00000008940697,0,22,14,0,9,124799,30,False,0,True,16,False,0,False,0,False,0,False,1,25297,0,False
79,ItadoriYuujii,Diana,JUNGLE,2,5,4,128,1501,8867,64.00000014901161,0,8,9,0,18,142424,24,True,1,True,29,False,3,True,3,True,1,True,10,17040,0,True
80,ItadoriYuujii,Diana,JUNGLE,12,5,6,177,1975,14982,67.75000008940697,0,97,37,4,18,247269,36,False,0,True,31,True,2,True,1,True,2,True,8,35482,0,False
81,ItadoriYuujii,Diana,JUNGLE,1,8,3,92,1311,6277,60.00000008940697,0,38,35,0,5,95023,23,False,0,False,7,True,2,False,0,False,0,False,0,18878,0,False
82,ItadoriYuujii,Diana,JUNGLE,3,7,11,148,1706,11032,56.00000008940697,1,68,21,0,12,205048,63,False,0,True,42,False,3,True,1,False,0,True,9,19997,0,True
83,ItadoriYuujii,Diana,JUNGLE,9,0,6,102,1111,9509,48.00000002980232,3,11,15,1,11,103461,15,False,0,False,20,True,3,True,1,True,2,True,8,13198,0,True
84,ItadoriYuujii,Diana,JUNGLE,9,6,13,116,1993,13199,56.00000008940697,1,71,67,0,17,165070,49,False,0,False,38,True,3,False,0,True,1,False,4,33968,0,False
85,ItadoriYuujii,Diana,JUNGLE,1,6,2,111,1634,9111,52.00000008940697,4,42,37,0,5,137664,37,False,0,False,7,False,0,False,0,False,0,False,4,18582,0,False
86,ItadoriYuujii,Diana,JUNGLE,9,7,9,117,1774,12272,45.50000008940697,1,28,18,2,8,164292,31,False,0,True,33,True,2,False,0,False,0,True,3,24314,0,False
87,ItadoriYuujii,Diana,JUNGLE,6,5,5,128,1486,9741,56.00000008940697,2,9,6,0,16,147475,36,True,1,False,32,False,2,False,0,False,0,False,4,21451,0,True
88,ItadoriYuujii,Diana,JUNGLE,4,2,2,80,894,6388,56.00000008940697,1,6,8,0,6,68373,6,False,0,True,10,False,1,False,0,False,0,True,2,8717,0,True
89,ItadoriYuujii,Diana,JUNGLE,8,5,10,139,2191,14464,60.00000008940697,0,18,17,0,14,228373,73,True,1,False,27,True,3,True,1,False,0,False,5,24600,0,False
90,ItadoriYuujii,Diana,JUNGLE,4,7,5,85,1416,7859,56.50000008940697,11,4,5,1,15,99619,38,False,0,False,19,False,0,False,0,False,0,False,0,17894,0,False
91,ItadoriYuujii,Trundle,JUNGLE,4,7,15,98,2103,11300,52.400000005960464,4,69,82,0,13,149931,49,False,0,True,28,False,1,False,0,False,1,False,3,40279,0,False
92,ItadoriYuujii,Diana,JUNGLE,4,4,5,114,1732,10117,52.000000059604645,2,53,44,1,19,135935,30,False,0,False,15,False,1,False,0,True,1,True,1,19620,0,False
93,ItadoriYuujii,Diana,JUNGLE,4,2,11,181,1800,12171,62.00000008940697,0,153,70,0,25,224421,23,True,2,False,26,True,4,True,2,True,1,True,10,26990,0,True
94,ItadoriYuujii,Diana,JUNGLE,10,2,11,144,1459,12922,68.00000008940697,3,80,48,1,21,168484,41,False,0,False,28,True,3,True,2,False,0,True,7,15954,0,True
95,ItadoriYuujii,Diana,JUNGLE,7,3,16,169,2289,14799,60.00000008940697,3,19,11,1,23,254639,65,False,0,False,45,True,4,False,1,False,0,False,9,29963,0,True
96,ItadoriYuujii,Trundle,JUNGLE,1,3,2,47,787,4159,47.5,0,22,3,0,6,29231,1,False,0,False,5,False,0,False,0,False,0,False,0,6955,0,False
97,ItadoriYuujii,Diana,JUNGLE,10,3,3,116,1443,11275,56.00000008940697,5,20,14,3,26,154222,23,True,1,True,47,True,3,True,3,True,2,True,11,18357,0,True
98,ItadoriYuujii,Diana,JUNGLE,11,6,10,157,1959,15054,64.00000008940697,3,188,20,0,22,203150,52,False,0,True,32,False,2,False,0,False,0,True,5,23605,0,False
99,ItadoriYuujii,Trundle,JUNGLE,4,5,9,140,1861,11064,56.00000002980232,5,78,35,2,21,172591,33,True,2,True,44,True,2,True,2,False,1,False,10,35942,0,True
100,ItadoriYuujii,Diana,JUNGLE,4,2,9,131,1560,10986,53.6000000834465,13,44,31,0,19,162168,50,True,1,True,27,True,3,True,3,False,0,True,11,20154,0,True
101,ItadoriYuujii,Diana,JUNGLE,7,10,7,134,2354,13448,44.75000002980232,1,425,64,0,14,248559,62,True,1,False,40,True,3,False,0,True,1,False,7,34828,0,False
102,ItadoriYuujii,Diana,JUNGLE,7,5,9,174,2017,14282,55.50000008940697,4,109,83,0,24,229193,40,True,2,False,51,False,3,True,6,True,1,True,11,26165,0,True
103,ItadoriYuujii,Diana,JUNGLE,16,4,5,145,2226,17058,64.00000008940697,1,164,26,1,23,252737,79,True,2,False,39,True,3,False,2,False,0,False,10,30429,0,True
104,ItadoriYuujii,Diana,JUNGLE,7,4,8,113,1574,11299,47.40000009536743,6,24,18,1,15,144974,36,True,1,True,28,True,2,True,1,True,2,True,7,20906,0,True
105,ItadoriYuujii,Diana,JUNGLE,4,2,2,108,1223,8406,56.00000008940697,6,8,28,1,9,126132,29,False,0,False,10,False,0,False,0,True,1,False,1,13286,0,False
106,ItadoriYuujii,Diana,JUNGLE,12,9,16,168,2582,18330,56.00000008940697,1,39,38,5,22,243970,49,True,2,True,49,False,2,False,0,True,1,True,5,45458,0,False
107,ItadoriYuujii,Diana,JUNGLE,9,14,6,96,2156,13287,48.000000059604645,12,31,33,3,14,155094,55,True,1,False,39,False,0,False,1,False,0,False,6,38188,0,False
108,ItadoriYuujii,Diana,JUNGLE,3,4,12,135,1337,11983,58.00000008940697,4,16,22,2,19,160448,41,True,1,False,41,True,3,False,0,True,2,True,6,17795,0,True
109,ItadoriYuujii,Diana,JUNGLE,5,2,14,154,1549,11391,59.25000008940697,10,14,28,1,18,168861,22,False,0,False,34,True,3,False,0,False,0,False,6,16192,0,True
110,ItadoriYuujii,Diana,JUNGLE,7,4,1,114,1721,10791,52.40000003576279,3,139,91,0,18,126183,27,False,0,True,14,False,2,False,0,True,1,True,2,19224,0,False
111,ItadoriYuujii,Diana,JUNGLE,0,0,3,80,921,5163,56.00000008940697,1,2,4,0,6,73077,10,False,0,True,10,True,2,False,0,True,1,True,2,8290,0,True
112,ItadoriYuujii,Diana,JUNGLE,5,3,12,144,1690,11330,60.00000008940697,5,41,38,0,40,161220,33,True,1,True,31,True,4,True,2,True,1,True,10,23722,0,True
113,ItadoriYuujii,Diana,JUNGLE,5,1,9,137,1419,10648,56.00000008940697,0,16,14,0,20,163365,25,True,1,False,29,True,3,True,3,True,2,True,11,16513,0,True
114,ItadoriYuujii,Diana,JUNGLE,3,2,10,159,1750,11162,61.6000000834465,8,39,22,1,32,208308,45,True,1,True,40,True,4,True,2,True,1,True,10,22677,0,True
115,ItadoriYuujii,Trundle,JUNGLE,2,4,7,113,1920,9136,56.00000002980232,0,36,38,0,26,125880,26,False,0,False,19,True,3,False,0,True,1,True,2,29859,0,False
116,ItadoriYuujii,Trundle,JUNGLE,1,8,7,64,1540,6642,52.00000002980232,2,43,38,0,16,75217,30,False,0,False,19,False,0,False,0,False,0,False,0,22545,0,False
117,ItadoriYuujii,Diana,JUNGLE,8,7,8,163,2180,14509,56.000000059604645,4,62,38,0,14,228395,51,True,1,True,31,False,1,True,3,True,2,True,11,30253,0,True
118,ItadoriYuujii,Trundle,JUNGLE,4,5,4,83,1353,7789,40.000000059604645,10,19,12,0,15,87900,46,False,0,False,13,False,1,False,0,False,0,False,3,20151,0,False
119,ItadoriYuujii,Diana,JUNGLE,2,7,1,126,1608,9341,62.00000008940697,4,83,17,0,13,146487,46,False,0,False,13,True,1,False,0,True,1,False,1,20223,0,False
120,ItadoriYuujii,Diana,JUNGLE,10,10,24,179,2676,18484,64.00000008940697,3,185,89,0,32,302081,63,True,2,False,50,False,4,False,2,True,2,True,9,45358,0,True
121,ItadoriYuujii,Diana,JUNGLE,4,10,18,123,2168,12260,52.40000003576279,4,56,53,0,12,182074,59,False,0,False,36,True,2,False,0,False,0,False,3,37707,0,False
122,ItadoriYuujii,Diana,JUNGLE,0,1,6,113,1229,7578,68.00000014901161,2,68,22,0,18,123343,16,False,0,True,22,True,2,True,2,False,1,True,10,15383,0,True
123,ItadoriYuujii,Diana,JUNGLE,9,6,10,143,1793,12035,52.00000008940697,0,17,13,3,34,171996,17,True,1,True,40,True,4,True,3,False,1,True,11,25507,0,True
124,ItadoriYuujii,Trundle,JUNGLE,3,4,1,67,1110,5944,44,1,22,28,1,9,45093,6,False,0,False,9,False,0,False,0,False,0,False,0,15329,0,False
125,ItadoriYuujii,Trundle,JUNGLE,7,4,7,94,1489,9733,46.25000002980232,5,82,30,0,10,104825,29,False,0,False,21,False,1,False,0,False,0,False,1,27492,0,False
126,ItadoriYuujii,Diana,JUNGLE,2,4,13,120,2060,10162,51.75000008940697,0,147,17,0,29,170539,30,False,0,True,19,False,1,False,0,False,0,False,3,23516,0,False
127,ItadoriYuujii,Diana,JUNGLE,5,3,3,116,1264,8771,52.000000059604645,1,23,16,1,16,146183,33,True,1,True,25,False,2,False,0,True,2,True,6,16801,0,True
128,ItadoriYuujii,Trundle,JUNGLE,3,4,6,87,1446,8056,48.000000059604645,5,59,20,0,18,99184,46,False,0,True,25,False,0,False,0,True,1,False,1,21276,0,False
129,ItadoriYuujii,Diana,JUNGLE,6,5,14,165,2003,14176,52.00000008940697,6,12,35,2,25,232125,31,True,2,False,40,True,5,True,3,True,2,True,9,34410,0,True
130,ItadoriYuujii,Diana,JUNGLE,8,7,10,137,1869,12513,52.00000008940697,0,131,102,0,20,183324,24,True,1,True,31,False,2,True,1,True,1,True,10,25547,0,True
131,ItadoriYuujii,Trundle,JUNGLE,8,1,9,112,1270,9697,64.00000005960464,3,17,24,3,19,98806,13,False,0,True,26,False,2,True,1,False,0,False,6,18021,0,True
132,ItadoriYuujii,Diana,JUNGLE,3,5,9,144,1893,11445,56.000000059604645,0,6,9,0,30,202189,35,False,1,True,46,False,2,True,3,True,2,True,9,22256,0,True
133,ItadoriYuujii,Trundle,JUNGLE,3,5,8,132,2000,10924,52.000000059604645,8,38,31,0,19,158654,43,False,0,True,27,True,4,False,0,True,2,True,4,38813,0,False
134,ItadoriYuujii,Trundle,JUNGLE,4,1,6,124,1399,8892,53.500000059604645,5,14,32,0,23,120184,21,False,0,True,13,False,3,False,0,False,1,False,5,20839,0,True
135,ItadoriYuujii,Trundle,JUNGLE,8,2,12,154,1613,12071,52.000000059604645,1,56,16,3,21,184063,31,True,1,False,36,True,4,True,2,False,1,True,10,30964,0,True
136,ItadoriYuujii,Diana,JUNGLE,3,7,8,160,1917,12613,68.00000008940697,0,50,30,0,27,201185,75,True,1,True,39,False,1,True,2,False,1,False,9,24203,0,False
137,ItadoriYuujii,Diana,JUNGLE,8,5,7,131,1782,12529,56.00000008940697,7,157,109,2,13,205130,67,False,0,True,18,False,2,False,0,True,1,True,4,24845,0,False
138,ItadoriYuujii,Diana,JUNGLE,12,6,1,177,1985,14505,64.00000008940697,1,87,89,1,31,206409,26,True,1,True,36,True,4,True,2,False,0,True,10,28691,0,True
139,ItadoriYuujii,Diana,JUNGLE,5,6,4,131,1917,10519,60.00000008940697,2,56,22,0,19,176315,50,False,0,True,15,True,2,False,0,False,0,True,3,26085,0,False
140,ItadoriYuujii,Diana,JUNGLE,2,3,4,109,1137,6259,46.000000059604645,0,23,23,0,10,99957,2,False,0,True,30,True,2,False,0,False,0,False,4,10093,0,True
141,ItadoriYuujii,Diana,JUNGLE,4,6,13,122,1913,10763,59.60000005364418,2,63,37,0,24,162677,45,False,0,False,25,False,1,False,0,False,1,False,3,24679,0,False
142,ItadoriYuujii,Diana,JUNGLE,4,7,10,175,2537,16334,64.00000008940697,8,55,45,0,20,327518,98,False,1,False,37,False,3,False,2,True,2,True,5,35740,0,False
143,ItadoriYuujii,Diana,JUNGLE,4,8,8,121,2072,10629,43.50000008940697,1,40,21,0,14,172724,37,False,0,False,23,True,3,False,0,False,0,False,3,25020,0,False
144,ItadoriYuujii,Diana,JUNGLE,13,3,8,174,1836,15271,72.00000008940697,1,67,38,5,19,233204,48,True,1,True,32,True,4,True,2,False,0,False,9,23388,0,True
145,ItadoriYuujii,Diana,JUNGLE,11,5,14,147,2068,15519,44.00000008940697,4,32,15,0,26,228555,58,True,1,True,42,True,5,True,3,True,1,True,11,25081,0,True
146,ItadoriYuujii,Diana,JUNGLE,7,3,14,149,1653,12305,68.00000008940697,1,21,50,0,34,188907,40,True,1,True,33,False,3,True,1,True,1,True,9,20478,0,True
147,ItadoriYuujii,Trundle,JUNGLE,3,7,7,103,1712,9147,52.000000059604645,0,60,38,0,11,124259,39,False,0,True,19,False,0,False,0,True,1,False,1,30790,0,False
148,ItadoriYuujii,Diana,JUNGLE,14,8,12,151,2044,16715,64.00000008940697,1,155,118,0,32,236509,43,False,1,False,37,False,2,False,1,False,0,False,9,31116,0,True
149,ItadoriYuujii,Trundle,Invalid,5,2,2,92,1274,8218,48.000000059604645,1,206,126,0,14,89702,20,False,0,True,11,False,1,False,0,False,0,False,0,17893,0,False
150,ItadoriYuujii,Diana,Invalid,3,7,10,100,1568,9327,57.20000007748604,2,168,29,1,18,136050,50,False,0,False,24,False,1,False,0,False,0,False,1,22798,0,False
151,ItadoriYuujii,Diana,Invalid,6,7,17,130,1609,12447,54.00000008940697,1,50,24,0,17,163107,26,True,1,False,50,False,2,True,4,True,2,True,11,23596,0,True
152,ItadoriYuujii,Trundle,Invalid,11,4,12,120,1800,14809,52.00000002980232,7,26,58,0,23,190844,71,True,1,True,40,True,4,True,2,True,2,True,11,43748,0,True
153,ItadoriYuujii,Trundle,Invalid,7,6,12,122,1876,13530,56.000000059604645,2,74,41,2,14,195620,64,True,1,False,39,True,3,False,1,False,1,False,8,43193,0,True
154,ItadoriYuujii,Diana,Invalid,6,3,9,139,1354,10866,60.00000008940697,1,125,58,0,22,157779,23,True,1,True,28,True,2,True,2,False,1,True,10,15151,0,True
155,ItadoriYuujii,Diana,Invalid,12,6,15,148,2025,16222,43.75000008940697,9,52,83,1,17,231840,50,True,2,False,41,False,3,True,3,True,2,True,9,31066,0,True
156,ItadoriYuujii,Diana,Invalid,4,5,12,173,1754,14245,54.000000059604645,0,53,23,1,29,245004,59,True,1,True,45,True,4,True,3,False,1,True,11,23477,0,True
157,ItadoriYuujii,Diana,Invalid,13,6,12,146,2014,15353,48.000000059604645,7,67,60,3,19,221199,64,False,0,True,41,False,4,True,1,True,1,True,6,29988,0,False
158,ItadoriYuujii,Trundle,JUNGLE,5,5,2,101,1427,8897,57.200000047683716,0,62,12,2,15,117913,35,False,0,True,13,True,1,False,0,False,0,False,1,24007,0,False
159,ItadoriYuujii,Trundle,JUNGLE,7,5,3,84,1618,9688,44.00000002980232,4,22,29,1,19,106469,31,False,0,True,35,False,1,False,0,True,1,True,6,30403,0,False
160,ItadoriYuujii,Diana,JUNGLE,16,3,18,136,1673,16003,57.6000000834465,5,8,15,4,30,220427,67,True,2,True,48,True,4,True,1,False,0,False,6,24868,0,True
161,ItadoriYuujii,Trundle,JUNGLE,6,3,5,84,1210,8527,44.50000002980232,8,54,12,1,8,85766,31,False,0,False,15,True,1,False,0,False,0,False,1,17952,0,False
162,ItadoriYuujii,Ekko,JUNGLE,1,5,5,95,1490,6708,51.200000047683716,2,30,20,0,17,99090,17,False,0,True,17,True,1,False,0,False,0,False,0,21875,0,False
163,ItadoriYuujii,Diana,JUNGLE,3,7,9,196,2469,15100,63.25000008940697,0,70,40,1,26,286484,59,False,1,False,26,False,3,True,2,True,1,True,11,34087,0,False
164,ItadoriYuujii,Ekko,JUNGLE,0,2,2,91,1034,5155,63.000000059604645,2,26,3,0,8,77606,12,False,0,False,6,True,1,False,0,False,0,False,0,11866,0,False
165,ItadoriYuujii,Ekko,JUNGLE,19,0,7,116,1690,15572,51.500000059604645,3,139,57,6,22,213714,74,True,1,True,40,False,3,False,0,True,1,False,6,34766,0,True
166,ItadoriYuujii,Ekko,JUNGLE,6,8,16,170,2121,13231,56.000000059604645,0,97,39,1,25,197818,40,True,2,True,47,True,4,True,2,True,1,True,10,37160,0,True
167,ItadoriYuujii,XinZhao,JUNGLE,8,6,14,152,2291,14242,52.000000059604645,4,38,26,1,25,214078,61,True,1,True,40,True,3,True,1,True,1,True,7,43330,0,True
168,ItadoriYuujii,Diana,JUNGLE,1,4,0,94,1162,5928,51.500000059604645,1,10,17,0,16,98176,25,False,0,False,2,False,1,False,0,False,0,True,2,11600,0,False
169,ItadoriYuujii,Trundle,JUNGLE,6,9,10,92,2048,12250,40,0,121,47,1,29,125263,44,False,0,False,28,True,1,False,0,False,1,False,3,43723,0,False
170,ItadoriYuujii,Trundle,JUNGLE,5,0,8,88,1322,8669,48.00000002980232,0,13,14,0,10,97390,17,False,0,True,29,True,3,True,2,True,2,True,9,21150,0,True
171,ItadoriYuujii,Trundle,JUNGLE,5,4,10,88,1496,10216,40.00000002980232,1,45,38,1,22,114960,38,True,1,True,34,True,3,True,1,False,0,False,7,28543,0,True
172,ItadoriYuujii,Diana,JUNGLE,11,4,19,202,2407,19470,60.00000008940697,2,46,24,0,31,354664,99,False,2,False,38,True,4,False,0,False,0,False,6,30105,0,True
173,ItadoriYuujii,Diana,JUNGLE,9,5,6,118,2129,13916,45.000000059604645,8,55,36,1,13,200867,69,False,0,False,30,True,1,False,0,False,0,False,2,28427,0,False
174,ItadoriYuujii,Trundle,JUNGLE,3,3,3,106,1505,8180,52.000000059604645,0,51,68,0,21,116634,18,False,0,False,6,False,1,False,0,False,0,False,2,29650,0,False
175,ItadoriYuujii,Diana,JUNGLE,8,7,12,143,1825,13376,52.00000008940697,5,294,34,3,45,181934,33,True,1,False,42,True,4,True,3,True,1,True,11,29914,0,True
176,ItadoriYuujii,Diana,JUNGLE,4,7,5,128,2150,11009,60.000000059604645,1,32,37,0,25,161978,49,False,0,False,18,False,2,False,0,False,0,False,3,27591,0,False
177,ItadoriYuujii,Diana,JUNGLE,8,2,11,137,1350,11039,60.00000008940697,0,36,26,1,20,149015,11,True,1,True,35,False,2,True,3,True,2,True,9,17650,0,True
178,ItadoriYuujii,Diana,JUNGLE,7,5,15,124,2224,13962,48.000000059604645,13,44,38,0,21,232125,82,False,0,True,33,False,2,False,0,True,1,False,2,33255,0,False
179,ItadoriYuujii,Diana,JUNGLE,5,8,12,156,1813,12293,48.000000059604645,5,164,92,0,23,186788,31,False,0,False,25,False,1,False,0,False,0,False,3,23542,0,False
180,ItadoriYuujii,Diana,JUNGLE,5,5,8,131,1583,11144,59.00000008940697,3,25,13,0,23,152818,30,False,0,True,24,False,1,True,1,False,0,False,6,19899,0,True
181,ItadoriYuujii,Diana,JUNGLE,7,6,13,189,2203,15499,63.00000008940697,5,44,25,1,37,240111,37,True,1,False,46,False,5,True,2,True,2,False,10,31712,0,True
182,ItadoriYuujii,Diana,JUNGLE,3,2,4,89,1211,7140,47.250000059604645,1,16,23,0,24,96117,17,False,0,True,22,False,2,False,0,True,1,True,4,10388,0,True
183,ItadoriYuujii,Diana,JUNGLE,1,1,1,84,1113,5419,48.000000059604645,12,4,6,0,6,82586,26,False,0,False,5,False,0,False,0,True,1,False,1,9492,0,False
184,ItadoriYuujii,Diana,JUNGLE,3,3,5,156,1576,11138,68.00000008940697,4,44,22,2,20,193210,39,True,1,False,25,True,3,True,4,True,1,True,11,19896,0,True
185,ItadoriYuujii,Diana,JUNGLE,9,5,20,150,1753,14428,50.500000059604645,0,47,19,3,16,202712,26,True,1,True,39,False,3,True,2,True,1,True,9,27367,0,True
186,ItadoriYuujii,Diana,JUNGLE,8,3,7,168,1711,13367,55.750000059604645,2,57,56,2,20,222824,48,True,1,False,33,True,4,True,2,True,2,True,10,25077,0,True
187,ItadoriYuujii,Diana,JUNGLE,6,4,13,124,1575,10857,52.00000011920929,6,9,20,0,20,171205,22,True,1,False,34,True,2,True,1,True,2,True,8,21287,0,True
188,ItadoriYuujii,Diana,JUNGLE,2,9,5,100,1503,7624,48.000000059604645,4,16,33,0,13,113363,20,False,0,True,15,True,1,False,0,True,1,True,2,19779,0,False
189,ItadoriYuujii,Trundle,JUNGLE,3,6,6,84,1774,8599,40,2,216,28,0,17,98674,22,False,0,False,21,False,1,False,0,False,0,False,0,32718,0,False
190,ItadoriYuujii,Kayn,JUNGLE,5,9,3,88,1599,9644,52.00000008940697,3,71,18,0,11,105792,34,False,0,True,17,False,0,False,0,True,1,False,2,30630,0,False
191,ItadoriYuujii,Trundle,Invalid,6,5,19,8,1149,15047,NA,NA,NA,NA,NA,11,96238,78,True,1,True,49,True,2,True,2,False,0,True,10,34957,0,True
192,ItadoriYuujii,Diana,JUNGLE,7,9,9,173,2595,16957,52.000000059604645,4,45,41,1,31,290466,84,False,2,True,44,True,4,False,4,True,1,False,10,35268,0,True
193,ItadoriYuujii,Trundle,JUNGLE,7,5,5,123,1847,11658,48.00000002980232,0,23,35,3,18,142776,44,False,0,True,19,False,1,False,0,True,1,True,3,33539,0,False
194,ItadoriYuujii,Kayn,JUNGLE,3,5,10,174,1681,11544,67.75000011920929,2,22,23,0,15,180684,29,True,1,True,37,False,3,True,2,True,2,True,11,36715,0,True
195,ItadoriYuujii,Kayn,JUNGLE,4,6,9,152,2474,14630,60.00000008940697,9,113,81,0,22,263583,104,False,0,False,30,False,1,False,1,True,1,False,7,65460,0,False
196,ItadoriYuujii,Viego,JUNGLE,4,10,7,115,2041,10184,64.00000008940697,0,61,19,1,18,125093,22,False,0,True,27,False,1,False,0,True,2,False,3,37113,0,False
197,ItadoriYuujii,Kayn,JUNGLE,5,3,17,150,1842,13009,57.6000000834465,4,23,13,0,20,186547,37,True,1,False,42,False,3,True,1,False,0,False,8,36189,0,True
198,ItadoriYuujii,Diana,JUNGLE,3,8,8,132,1569,9724,68.00000008940697,0,165,31,0,10,150432,41,False,0,True,22,True,1,False,0,False,0,False,1,26493,0,False
199,ItadoriYuujii,Diana,JUNGLE,5,0,4,155,1367,10521,64.00000008940697,2,4,6,2,16,183389,18,True,1,True,27,True,3,True,3,True,2,True,10,16938,0,True
200,ItadoriYuujii,Trundle,JUNGLE,5,3,4,90,1478,8379,39.50000002980232,3,13,14,0,10,118273,36,False,0,True,18,False,0,False,0,True,1,False,0,24002,0,False
201,ItadoriYuujii,Trundle,JUNGLE,2,6,9,128,1988,10932,48.00000002980232,0,107,67,0,26,163109,44,False,0,True,22,True,2,False,0,True,1,False,4,39267,0,False
202,ItadoriYuujii,Diana,JUNGLE,8,4,14,167,2161,15967,56.000000059604645,3,70,28,1,23,258373,62,False,1,True,34,True,4,True,1,False,0,False,7,32668,0,True
203,ItadoriYuujii,Trundle,JUNGLE,6,11,13,128,2521,13849,49.00000002980232,15,149,103,0,41,202075,80,False,0,True,36,False,3,False,0,True,1,True,3,55436,0,False
204,ItadoriYuujii,Viego,JUNGLE,3,6,2,100,1326,7774,56.00000008940697,1,136,86,1,8,102433,37,False,0,True,9,False,0,False,0,False,0,False,1,20309,0,False
205,ItadoriYuujii,Trundle,JUNGLE,11,7,19,145,2349,17100,44.80000004172325,0,120,53,3,20,229009,52,True,1,False,45,False,3,False,1,True,1,False,7,59304,0,False
206,ItadoriYuujii,Trundle,JUNGLE,2,4,6,140,2040,11156,60.000000059604645,2,192,174,1,16,187361,50,True,1,True,20,True,2,False,0,False,1,False,3,34879,0,False
207,ItadoriYuujii,Trundle,JUNGLE,7,9,11,90,2160,11725,44.00000002980232,0,274,33,0,18,138401,44,False,0,False,33,True,2,False,0,True,1,False,1,46554,0,False
208,ItadoriYuujii,Trundle,JUNGLE,6,6,10,170,2103,13901,64.00000005960464,0,45,49,1,16,252455,71,True,2,True,37,True,4,False,1,False,1,True,7,53143,0,True
209,ItadoriYuujii,Amumu,JUNGLE,2,6,7,114,1781,8702,58.00000008940697,1,42,27,0,9,122956,37,False,0,True,17,False,1,False,0,True,1,False,1,26413,0,False
210,ItadoriYuujii,Trundle,JUNGLE,3,3,4,134,1550,8923,52.00000002980232,0,226,45,0,24,140685,22,False,0,False,14,True,2,False,0,False,0,False,3,24299,0,False
211,ItadoriYuujii,Caitlyn,BOTTOM,5,6,7,4,2062,12911,0,67,39,16,1,39,149242,213,False,0,False,19,False,2,False,1,False,1,True,9,17429,0,False
212,ItadoriYuujii,Caitlyn,BOTTOM,8,5,7,15,1859,13501,0,72,40,19,1,28,124357,164,True,2,False,37,False,3,True,3,True,1,True,11,12891,0,True
213,ItadoriYuujii,Trundle,JUNGLE,5,4,7,100,1661,9524,56,2,47,61,0,15,103465,22,False,0,False,18,False,0,False,0,True,2,False,3,31443,0,False
214,ItadoriYuujii,Trundle,JUNGLE,0,7,5,64,1221,5120,40.00000002980232,0,59,74,0,8,50829,8,False,0,False,11,False,1,False,0,False,0,False,0,20106,0,False
215,ItadoriYuujii,Trundle,JUNGLE,7,3,18,108,1844,14406,52.00000002980232,9,47,25,0,15,178238,54,True,2,True,42,True,5,True,3,True,2,False,10,43141,0,True
216,ItadoriYuujii,Trundle,JUNGLE,11,8,11,132,2375,16188,56.00000002980232,6,45,40,3,32,172860,46,False,0,True,48,True,5,False,1,False,0,False,9,54375,0,True
217,ItadoriYuujii,Trundle,JUNGLE,4,7,5,116,1810,10515,56,2,40,50,1,25,117905,30,False,0,True,20,True,2,False,0,True,1,False,2,37326,0,False
218,ItadoriYuujii,Trundle,JUNGLE,12,2,12,139,1983,16006,48.00000002980232,5,14,16,3,30,196086,45,True,1,True,40,False,4,True,3,True,1,True,11,36869,0,True
219,ItadoriYuujii,Trundle,JUNGLE,7,8,10,152,2566,13901,48.000000059604645,2,62,95,1,31,220953,55,False,0,False,34,True,3,False,0,False,1,False,3,58489,0,False
220,ItadoriYuujii,Trundle,JUNGLE,1,3,12,100,1554,9224,52.000000059604645,0,16,21,0,23,114249,20,True,1,True,30,False,2,True,3,True,1,True,11,23097,0,True
221,ItadoriYuujii,Trundle,JUNGLE,2,7,11,68,1736,8714,36.80000001192093,9,46,30,1,13,88503,37,False,0,True,23,False,1,False,0,False,0,False,0,34451,0,False
222,ItadoriYuujii,Trundle,JUNGLE,7,3,11,148,1980,13315,44,6,35,25,1,33,174651,57,False,0,False,36,False,4,True,1,False,1,True,9,34609,0,True
223,ItadoriYuujii,Trundle,JUNGLE,3,7,6,111,2196,10356,39.400000005960464,5,51,50,1,32,138235,35,False,0,False,18,False,1,False,0,False,1,True,4,42572,0,False
224,ItadoriYuujii,Trundle,JUNGLE,5,4,4,80,1609,9509,55.20000001788139,3,42,23,1,21,72816,24,False,0,False,14,False,0,False,0,False,0,True,3,24930,0,False
225,ItadoriYuujii,Trundle,JUNGLE,17,9,23,160,2375,20419,47.50000002980232,4,72,98,4,28,219975,32,True,2,True,61,False,5,True,4,True,1,True,11,66682,0,True
226,ItadoriYuujii,Trundle,JUNGLE,5,0,9,129,1694,11707,56.00000002980232,1,25,37,1,29,148176,30,True,1,True,25,True,2,True,1,True,2,True,9,27710,0,True
227,ItadoriYuujii,Trundle,JUNGLE,8,7,18,98,2016,12679,40.00000002980232,9,31,19,1,23,109851,24,False,1,True,47,False,2,False,1,False,1,False,7,41275,0,True
228,ItadoriYuujii,Trundle,JUNGLE,4,0,11,92,1128,8603,52.000000059604645,2,21,15,0,15,80937,14,False,0,True,34,False,2,True,3,True,2,True,11,13604,0,True
229,ItadoriYuujii,Trundle,JUNGLE,7,6,13,101,2080,11497,56.00000002980232,2,85,55,2,26,127124,29,False,0,False,29,False,1,False,0,False,0,True,2,43825,0,False
230,ItadoriYuujii,Trundle,JUNGLE,1,2,5,140,1811,10963,48.00000002980232,5,45,21,0,19,158676,36,True,1,True,24,False,2,True,3,True,1,True,11,24435,0,True
231,ItadoriYuujii,Diana,JUNGLE,2,8,8,118,1769,9014,56.000000059604645,0,45,28,0,21,134683,38,False,0,False,19,False,0,False,0,True,1,False,1,22020,0,False
232,ItadoriYuujii,Trundle,JUNGLE,3,1,9,89,1438,9116,44.150000005960464,1,36,20,0,11,95299,26,True,1,False,20,False,2,True,3,True,1,True,11,17780,0,True
233,ItadoriYuujii,Trundle,JUNGLE,3,6,3,127,1869,9863,42,1,86,23,1,17,126888,23,False,0,True,24,False,1,True,1,False,0,False,9,30351,0,True
234,ItadoriYuujii,Trundle,JUNGLE,2,2,12,183,1995,11862,52.00000002980232,1,101,35,0,24,188156,19,True,2,True,41,False,4,True,3,False,0,False,11,35563,0,True
235,ItadoriYuujii,Trundle,JUNGLE,11,7,13,165,2711,19503,41.5,0,103,78,1,33,245225,83,True,1,False,57,False,2,True,1,True,1,False,6,67065,0,False
236,ItadoriYuujii,Trundle,JUNGLE,9,10,15,96,2113,13422,42.75000002980232,0,51,65,0,18,118905,20,True,2,False,49,True,2,True,3,True,1,False,11,55458,0,True
237,ItadoriYuujii,Trundle,JUNGLE,1,3,6,94,1491,7681,46.50000002980232,3,49,33,0,13,92902,37,False,0,False,19,False,1,False,0,False,0,False,2,22495,0,False
238,ItadoriYuujii,Vi,JUNGLE,3,5,3,157,1841,10386,60.000000059604645,2,23,30,0,23,173019,46,True,1,False,20,True,3,True,1,False,0,False,8,24512,0,True
239,ItadoriYuujii,Trundle,JUNGLE,3,3,11,86,1673,9734,42.75,3,17,20,0,19,97871,31,False,0,False,23,False,1,False,0,False,0,False,2,26782,0,False
240,ItadoriYuujii,Trundle,JUNGLE,3,7,6,99,1753,9588,44.00000002980232,2,33,55,0,12,115079,44,False,0,False,18,False,0,False,0,False,0,False,1,25690,0,False
241,ItadoriYuujii,Trundle,JUNGLE,5,2,9,156,1870,11682,36.00000002980232,1,23,18,0,20,174567,19,True,1,True,24,False,4,True,3,False,1,True,11,33434,0,True
242,ItadoriYuujii,Trundle,JUNGLE,3,3,12,164,1903,11743,48.000000059604645,2,45,32,0,18,181215,22,True,1,True,41,False,3,True,2,True,2,True,9,37963,0,True
243,ItadoriYuujii,Diana,JUNGLE,8,4,9,163,1923,14598,56.00000008940697,1,28,31,3,33,224832,49,True,1,False,33,True,3,True,1,False,0,False,8,23551,0,True
244,ItadoriYuujii,Trundle,JUNGLE,7,1,11,170,1778,14392,48.000000059604645,7,107,24,0,32,209564,59,True,1,False,44,True,4,True,2,True,2,False,10,36555,0,True
245,ItadoriYuujii,MissFortune,BOTTOM,9,3,9,0,1381,9947,0,81,17,32,0,7,70620,118,False,0,False,25,True,3,True,1,True,2,True,6,11903,0,True
246,ItadoriYuujii,Diana,JUNGLE,5,4,1,145,1782,9815,56.000000059604645,6,48,20,0,42,167341,25,False,0,True,12,False,2,False,0,False,0,True,2,23807,0,False
247,ItadoriYuujii,Diana,JUNGLE,4,6,13,169,2262,12668,58.100000113248825,5,15,7,0,25,264010,51,False,0,False,33,False,3,False,0,False,0,False,4,30580,0,False
248,ItadoriYuujii,Vi,JUNGLE,1,4,2,54,941,4035,44.000000059604645,1,18,19,0,8,42058,2,False,0,False,6,False,0,False,0,False,0,False,0,10098,0,False
249,ItadoriYuujii,Vi,JUNGLE,8,4,1,88,1386,9257,NA,NA,NA,NA,NA,10,83216,8,False,0,False,13,False,2,False,0,False,0,False,0,15886,0,False
250,ItadoriYuujii,Diana,JUNGLE,2,7,20,187,2224,14983,NA,NA,NA,NA,NA,32,254042,49,True,2,False,46,True,3,False,1,False,0,False,8,34019,0,True
251,ItadoriYuujii,Diana,JUNGLE,4,2,15,176,2138,14369,NA,NA,NA,NA,NA,23,275012,56,True,1,True,45,True,4,True,1,True,1,True,8,27432,0,True
252,ItadoriYuujii,Vi,JUNGLE,2,2,7,107,1489,8849,NA,NA,NA,NA,NA,12,112378,21,True,1,True,29,True,1,True,1,False,1,True,8,18297,0,True
253,ItadoriYuujii,Diana,JUNGLE,8,8,9,140,2103,13581,NA,NA,NA,NA,NA,26,195956,35,False,0,False,33,False,1,False,0,True,2,True,3,32053,0,False
254,ItadoriYuujii,Vi,JUNGLE,7,3,10,128,1529,11034,NA,NA,NA,NA,NA,14,147429,24,True,1,False,35,False,2,True,2,False,0,True,9,16632,0,True
255,ItadoriYuujii,Diana,JUNGLE,11,5,12,191,2014,15762,NA,NA,NA,NA,NA,22,245919,53,True,1,True,42,True,4,True,2,True,1,True,9,27406,0,True
256,ItadoriYuujii,Diana,JUNGLE,7,2,3,158,1475,11748,NA,NA,NA,NA,NA,22,161998,14,True,1,True,27,False,2,True,1,True,1,True,7,17044,0,True
257,ItadoriYuujii,Vi,JUNGLE,5,2,8,108,1311,8733,NA,NA,NA,NA,NA,12,99459,9,False,0,True,34,True,3,True,1,True,1,True,10,13658,0,True
258,ItadoriYuujii,Vi,JUNGLE,2,7,9,113,1789,10010,NA,NA,NA,NA,NA,23,118057,37,True,1,True,23,False,0,True,1,True,2,True,7,29044,0,False
259,ItadoriYuujii,Diana,JUNGLE,5,4,10,122,1676,10750,NA,NA,NA,NA,NA,26,163359,27,True,1,False,36,False,2,True,2,False,1,True,10,20096,0,True
260,ItadoriYuujii,Vi,JUNGLE,4,5,3,132,1748,9081,NA,NA,NA,NA,NA,21,134347,15,False,0,False,16,False,0,False,0,False,0,False,4,21850,0,False
261,ItadoriYuujii,Vi,JUNGLE,4,9,15,159,2053,12240,NA,NA,NA,NA,NA,19,179534,16,False,0,True,40,False,3,False,0,False,0,False,6,33048,0,False
262,ItadoriYuujii,Vi,JUNGLE,6,6,16,147,2056,12603,NA,NA,NA,NA,NA,49,192091,33,True,1,True,47,False,3,True,2,True,2,True,9,32080,0,True
263,ItadoriYuujii,Vi,JUNGLE,6,3,15,175,2188,14055,NA,NA,NA,NA,NA,34,237943,44,True,2,True,39,True,4,True,4,False,1,False,11,43724,0,True
264,ItadoriYuujii,Vi,JUNGLE,1,4,5,106,1346,7276,NA,NA,NA,NA,NA,17,89433,16,False,0,False,10,True,2,False,0,False,0,False,0,16340,0,False
265,ItadoriYuujii,Vi,JUNGLE,5,4,4,128,1675,9653,NA,NA,NA,NA,NA,14,143236,37,False,0,True,12,True,1,False,0,False,0,False,0,22148,0,False
266,ItadoriYuujii,Vi,JUNGLE,5,3,5,147,1831,11183,NA,NA,NA,NA,NA,30,165459,27,False,1,True,36,True,5,True,1,True,1,False,7,29788,0,True
267,ItadoriYuujii,Vi,JUNGLE,7,7,16,142,1863,12573,NA,NA,NA,NA,NA,17,158530,27,True,1,True,45,False,3,True,2,False,0,True,10,30107,0,True
268,ItadoriYuujii,Vi,JUNGLE,6,3,15,184,1834,13620,NA,NA,NA,NA,NA,27,206667,44,True,1,False,37,True,4,True,4,True,2,True,11,23993,0,True
269,ItadoriYuujii,Caitlyn,BOTTOM,1,4,3,6,1400,6869,NA,NA,NA,NA,NA,5,69411,126,False,0,True,15,True,1,False,0,True,1,False,1,9851,0,False
270,ItadoriYuujii,Diana,JUNGLE,3,6,5,132,1810,10033,NA,NA,NA,NA,NA,21,176927,45,False,0,True,22,False,1,False,0,False,0,False,2,22764,0,False
271,ItadoriYuujii,Diana,JUNGLE,10,8,10,182,2304,15811,NA,NA,NA,NA,NA,28,255893,40,False,1,True,30,True,3,True,3,True,1,True,10,27858,0,False
272,ItadoriYuujii,Diana,JUNGLE,2,5,3,75,1288,6789,NA,NA,NA,NA,NA,10,91841,31,False,0,False,9,False,0,False,0,False,0,False,0,14559,0,False
273,ItadoriYuujii,Caitlyn,BOTTOM,5,5,5,3,1741,9319,NA,NA,NA,NA,NA,11,81181,131,False,0,False,21,True,1,False,0,False,0,False,1,14129,0,False
274,ItadoriYuujii,Caitlyn,BOTTOM,4,5,13,16,1916,13244,NA,NA,NA,NA,NA,14,171662,219,True,1,False,26,False,2,False,0,True,1,False,2,19223,0,False
275,ItadoriYuujii,Jinx,BOTTOM,5,4,11,12,1739,11880,NA,NA,NA,NA,NA,23,141516,188,False,0,False,34,True,4,True,3,True,2,True,11,14874,0,True
276,ItadoriYuujii,Diana,JUNGLE,8,7,10,121,1773,11640,NA,NA,NA,NA,NA,17,140925,23,False,0,False,29,True,3,False,0,False,0,False,2,25258,0,False
277,ItadoriYuujii,Diana,JUNGLE,0,4,3,116,1217,6134,NA,NA,NA,NA,NA,5,104403,13,False,0,False,11,True,1,False,0,False,0,False,1,15363,0,False
278,ItadoriYuujii,Diana,JUNGLE,11,6,13,182,1888,14717,NA,NA,NA,NA,NA,29,231551,25,True,1,False,47,True,1,True,1,False,0,False,9,27683,0,True
279,ItadoriYuujii,Diana,JUNGLE,7,4,6,117,1489,10089,NA,NA,NA,NA,NA,21,144084,21,False,0,True,36,True,1,False,0,True,2,True,4,17990,0,True
280,ItadoriYuujii,Diana,JUNGLE,9,3,6,143,1932,13956,NA,NA,NA,NA,NA,27,193624,32,True,1,True,37,False,2,True,2,False,0,False,10,22056,0,True
281,ItadoriYuujii,Diana,JUNGLE,6,9,7,178,2188,13254,NA,NA,NA,NA,NA,27,223887,43,False,0,True,31,True,2,False,0,False,0,True,6,29368,0,False
282,ItadoriYuujii,Diana,JUNGLE,12,5,13,150,1940,15086,NA,NA,NA,NA,NA,25,221803,46,True,2,True,56,True,4,True,3,False,1,True,11,28358,0,True
283,ItadoriYuujii,Diana,JUNGLE,10,2,14,135,1620,13114,NA,NA,NA,NA,NA,35,186031,33,True,1,True,33,True,4,True,1,False,1,True,8,22096,0,True
284,ItadoriYuujii,Diana,JUNGLE,9,6,6,122,1578,12471,NA,NA,NA,NA,NA,21,144105,24,False,0,False,20,False,0,False,0,False,0,False,3,21325,0,False
285,ItadoriYuujii,Diana,JUNGLE,0,0,0,16,218,1127,NA,NA,NA,NA,NA,1,9564,0,False,0,True,1,False,0,False,0,False,0,False,0,1211,0,True
286,ItadoriYuujii,Diana,JUNGLE,9,5,7,154,1563,12112,NA,NA,NA,NA,NA,21,171995,9,False,0,False,26,False,2,False,0,True,2,True,4,20148,0,True
287,ItadoriYuujii,Diana,JUNGLE,9,8,19,208,2336,17285,NA,NA,NA,NA,NA,30,310158,48,True,2,False,57,True,4,True,5,False,0,False,11,38389,0,True
288,ItadoriYuujii,Diana,JUNGLE,6,1,3,139,1109,8999,NA,NA,NA,NA,NA,16,116017,3,False,0,True,18,True,2,False,0,False,1,True,4,10604,0,True
289,ItadoriYuujii,Diana,JUNGLE,12,5,12,132,2585,17946,NA,NA,NA,NA,NA,29,295430,121,False,1,False,47,False,4,False,2,False,0,False,10,31388,0,True
290,ItadoriYuujii,Caitlyn,BOTTOM,4,4,4,3,1498,8187,NA,NA,NA,NA,NA,11,92543,132,False,0,True,15,True,1,False,0,False,0,False,0,10981,0,False
291,ItadoriYuujii,Caitlyn,BOTTOM,2,5,9,10,1953,10660,NA,NA,NA,NA,NA,12,134654,153,True,2,False,40,True,3,True,3,True,1,False,9,18584,0,True
292,ItadoriYuujii,Caitlyn,BOTTOM,11,2,10,42,1653,15933,NA,NA,NA,NA,NA,22,202493,201,True,1,False,36,True,4,True,2,True,1,True,9,12257,0,True
293,ItadoriYuujii,Kayn,JUNGLE,1,3,8,155,1708,9998,NA,NA,NA,NA,NA,21,170464,47,False,0,False,26,True,3,False,0,False,1,True,7,27163,0,True
294,ItadoriYuujii,Caitlyn,BOTTOM,3,5,2,0,1382,8558,NA,NA,NA,NA,NA,6,93032,157,False,0,False,13,False,0,False,0,True,1,True,1,9176,0,False
295,ItadoriYuujii,Diana,JUNGLE,5,6,5,153,1918,12608,NA,NA,NA,NA,NA,30,213112,59,False,0,True,25,False,1,False,0,True,2,True,3,26223,0,False
296,ItadoriYuujii,Caitlyn,BOTTOM,5,4,17,12,1898,15478,NA,NA,NA,NA,NA,15,192813,236,False,0,True,32,False,0,False,0,False,0,True,4,15102,0,False
297,ItadoriYuujii,Caitlyn,BOTTOM,12,7,10,4,1800,15857,NA,NA,NA,NA,NA,29,162888,205,True,1,True,36,False,0,False,0,False,0,False,3,20549,0,False
298,ItadoriYuujii,Caitlyn,BOTTOM,7,0,10,8,1375,11671,NA,NA,NA,NA,NA,10,139476,169,True,1,False,35,True,3,True,1,False,1,True,10,7254,0,True
299,ItadoriYuujii,Caitlyn,BOTTOM,1,8,9,12,2195,12954,NA,NA,NA,NA,NA,19,181358,208,True,1,False,42,True,5,True,3,True,1,True,11,22040,0,True
300,ItadoriYuujii,Caitlyn,BOTTOM,6,5,10,19,2192,15692,NA,NA,NA,NA,NA,19,234476,266,False,0,True,29,True,3,False,0,False,0,True,4,19478,0,False
301,ItadoriYuujii,Caitlyn,BOTTOM,9,8,4,8,1734,12646,NA,NA,NA,NA,NA,28,153989,194,False,0,True,19,False,3,False,0,False,0,True,2,17637,0,False
302,ItadoriYuujii,Kayn,JUNGLE,6,6,5,100,1590,10647,NA,NA,NA,NA,NA,21,127278,42,False,0,False,18,False,0,False,0,False,0,False,2,30113,0,False
303,ItadoriYuujii,Kayn,JUNGLE,6,6,10,142,2017,13069,NA,NA,NA,NA,NA,28,182625,52,False,0,True,32,False,0,True,1,True,1,True,7,37965,0,False
304,ItadoriYuujii,Diana,JUNGLE,6,5,4,127,1442,9225,NA,NA,NA,NA,NA,11,136367,26,False,0,False,21,False,1,False,0,False,0,False,2,18788,0,False
305,ItadoriYuujii,Kayn,JUNGLE,11,2,9,198,1769,15091,NA,NA,NA,NA,NA,13,253459,42,False,0,True,36,True,4,True,3,True,1,False,11,30689,0,True
306,ItadoriYuujii,Diana,JUNGLE,6,1,2,100,1121,9452,NA,NA,NA,NA,NA,14,118836,27,False,0,False,26,True,2,True,3,True,1,True,11,10809,0,True
307,ItadoriYuujii,Diana,JUNGLE,5,7,22,147,1932,12986,NA,NA,NA,NA,NA,18,237979,45,False,0,True,45,False,4,True,2,False,0,False,9,29302,0,True
308,ItadoriYuujii,Jinx,BOTTOM,3,8,3,0,1874,10317,NA,NA,NA,NA,NA,5,133351,216,False,0,True,20,False,1,False,0,True,1,True,1,15476,0,False
309,ItadoriYuujii,MissFortune,BOTTOM,11,10,13,23,1862,13971,NA,NA,NA,NA,NA,16,134785,168,False,0,False,35,True,2,False,0,False,0,False,2,21379,0,False
310,ItadoriYuujii,Caitlyn,BOTTOM,5,6,9,4,2020,11799,NA,NA,NA,NA,NA,17,145805,184,False,0,False,35,False,3,True,3,False,1,False,11,16715,0,True
311,ItadoriYuujii,Jhin,BOTTOM,4,5,7,8,1731,10568,NA,NA,NA,NA,NA,14,111421,155,True,1,False,39,True,4,False,0,True,1,True,6,18228,0,True
312,ItadoriYuujii,Diana,JUNGLE,4,4,8,124,1585,11107,NA,NA,NA,NA,NA,22,176701,45,True,1,True,37,True,4,True,2,True,1,True,10,19120,0,True
313,ItadoriYuujii,Caitlyn,BOTTOM,10,1,17,8,1749,16690,NA,NA,NA,NA,NA,30,177928,183,True,2,True,41,True,4,True,4,False,1,True,11,12635,0,True
314,ItadoriYuujii,Jhin,BOTTOM,5,8,10,4,1763,11200,NA,NA,NA,NA,NA,19,108814,151,True,1,False,39,False,1,True,1,False,0,True,9,17369,0,True
315,ItadoriYuujii,Jhin,BOTTOM,12,4,9,24,1591,14499,NA,NA,NA,NA,NA,12,146224,183,True,1,True,32,True,4,True,1,True,2,True,9,16091,0,True
316,ItadoriYuujii,Caitlyn,BOTTOM,1,5,2,0,1432,7617,NA,NA,NA,NA,NA,15,82723,146,False,0,True,10,False,0,False,0,False,0,False,0,11029,0,False
317,ItadoriYuujii,Jinx,BOTTOM,7,7,8,28,2590,16649,NA,NA,NA,NA,NA,43,283028,274,False,0,False,43,False,2,False,0,True,2,False,4,31483,0,False
318,ItadoriYuujii,Caitlyn,BOTTOM,4,4,6,12,1813,11260,NA,NA,NA,NA,NA,15,146514,186,False,0,False,19,True,2,False,0,True,2,True,4,15023,0,False
319,ItadoriYuujii,Caitlyn,BOTTOM,9,8,5,4,1495,11761,NA,NA,NA,NA,NA,12,110132,158,False,0,False,26,True,2,False,0,False,0,False,3,19196,0,False
320,ItadoriYuujii,Caitlyn,BOTTOM,6,4,16,32,1804,14520,NA,NA,NA,NA,NA,23,192630,195,False,0,True,41,True,5,True,1,True,1,True,8,17668,0,True
321,ItadoriYuujii,Caitlyn,BOTTOM,12,3,9,28,2144,19000,NA,NA,NA,NA,NA,18,284657,242,False,1,False,43,True,4,False,1,True,2,True,9,22410,0,True
322,ItadoriYuujii,Caitlyn,BOTTOM,4,5,7,12,1832,11095,NA,NA,NA,NA,NA,44,131122,193,False,0,False,26,False,3,False,0,True,1,True,3,15303,0,False
323,ItadoriYuujii,LeeSin,JUNGLE,1,7,9,79,1514,7330,NA,NA,NA,NA,NA,17,82510,17,False,0,True,28,False,0,False,0,False,0,True,2,26465,440,False
324,ItadoriYuujii,Caitlyn,BOTTOM,7,9,13,16,2275,15032,NA,NA,NA,NA,NA,20,171186,176,True,1,True,37,False,1,True,1,False,0,True,6,22324,0,False
325,ItadoriYuujii,Caitlyn,BOTTOM,3,2,13,8,1436,10402,NA,NA,NA,NA,NA,8,102438,151,True,1,True,35,True,3,True,2,False,0,False,10,10516,0,True
326,ItadoriYuujii,Diana,JUNGLE,8,10,13,162,2405,16458,NA,NA,NA,NA,NA,36,266685,51,False,0,True,43,True,3,False,0,True,1,False,4,35942,0,False
327,ItadoriYuujii,Diana,JUNGLE,6,0,3,108,1002,7619,NA,NA,NA,NA,NA,10,108232,16,False,0,True,18,True,1,False,0,True,1,True,5,11254,0,True
328,ItadoriYuujii,Graves,JUNGLE,7,9,18,170,2579,15585,NA,NA,NA,NA,NA,39,229308,37,True,2,True,59,True,4,True,2,False,0,False,7,45731,0,True
329,ItadoriYuujii,Graves,JUNGLE,9,7,8,94,1731,11350,NA,NA,NA,NA,NA,18,126437,52,False,0,False,27,False,0,False,0,False,0,False,0,33418,0,False
330,ItadoriYuujii,Graves,JUNGLE,5,1,12,166,1705,12671,NA,NA,NA,NA,NA,23,202490,50,True,1,False,30,True,4,True,3,True,1,True,10,23290,0,True
331,ItadoriYuujii,Graves,JUNGLE,5,5,9,144,1867,13361,NA,NA,NA,NA,NA,17,229096,74,False,0,True,28,False,1,False,0,True,1,True,3,24844,0,False
332,ItadoriYuujii,Caitlyn,BOTTOM,4,6,13,16,2272,14714,NA,NA,NA,NA,NA,17,249735,250,False,0,False,35,True,4,False,1,False,0,False,6,24594,0,False
333,ItadoriYuujii,Caitlyn,BOTTOM,6,7,6,16,2368,15874,NA,NA,NA,NA,NA,24,266482,297,False,0,True,28,True,3,False,0,True,1,True,6,23024,0,False
334,ItadoriYuujii,Jinx,BOTTOM,6,2,6,4,2170,14493,NA,NA,NA,NA,NA,25,193282,274,False,0,True,23,False,2,False,0,False,0,False,3,16575,0,False
335,ItadoriYuujii,Caitlyn,BOTTOM,19,6,12,12,2260,19769,NA,NA,NA,NA,NA,10,284533,236,False,1,True,47,True,1,False,0,True,2,True,3,25681,0,False
336,ItadoriYuujii,Jinx,BOTTOM,3,5,8,4,1588,9149,NA,NA,NA,NA,NA,19,91101,152,False,0,False,35,True,3,True,1,False,0,True,8,13504,0,True
337,ItadoriYuujii,Caitlyn,BOTTOM,3,3,4,0,1385,7550,NA,NA,NA,NA,NA,4,70605,121,False,0,True,9,False,0,False,0,False,0,False,0,8420,0,False
338,ItadoriYuujii,Caitlyn,BOTTOM,9,6,15,4,2020,13469,NA,NA,NA,NA,NA,29,136415,165,False,1,False,51,False,4,True,2,True,2,True,10,18139,0,True
339,ItadoriYuujii,Jinx,BOTTOM,3,4,4,4,1361,9077,NA,NA,NA,NA,NA,8,101310,169,False,0,True,14,False,1,False,0,False,0,True,1,13118,0,False
340,ItadoriYuujii,Caitlyn,BOTTOM,6,2,10,8,1347,11024,NA,NA,NA,NA,NA,8,133406,171,False,0,True,29,True,3,True,2,False,1,True,11,11338,0,True
341,ItadoriYuujii,Jinx,BOTTOM,3,4,11,22,1977,12158,NA,NA,NA,NA,NA,28,140970,185,True,1,True,48,False,2,True,2,True,1,True,11,19176,0,True
342,ItadoriYuujii,Jinx,BOTTOM,9,3,12,37,2075,16072,NA,NA,NA,NA,NA,25,231354,221,True,1,True,39,False,3,True,2,True,1,True,8,21701,0,True
343,ItadoriYuujii,Jinx,BOTTOM,4,3,8,26,1785,12330,NA,NA,NA,NA,NA,17,165012,195,True,1,False,39,False,3,True,4,False,1,True,11,15170,0,True
344,ItadoriYuujii,Caitlyn,BOTTOM,2,3,4,0,972,6226,NA,NA,NA,NA,NA,3,51882,101,False,0,False,22,True,1,True,1,True,1,True,5,6289,0,True
345,ItadoriYuujii,Jinx,BOTTOM,17,5,3,17,2190,22355,NA,NA,NA,NA,NA,20,321368,283,True,2,True,28,False,2,False,2,False,0,True,8,17902,0,True
346,ItadoriYuujii,Jinx,BOTTOM,8,0,11,19,1364,12394,NA,NA,NA,NA,NA,17,138604,164,True,1,True,26,True,3,False,0,False,1,True,6,10293,0,True
347,ItadoriYuujii,Caitlyn,BOTTOM,4,7,9,16,2285,14129,NA,NA,NA,NA,NA,20,207259,246,False,0,True,25,False,1,False,0,False,0,True,5,27027,0,False
348,ItadoriYuujii,Caitlyn,BOTTOM,7,4,7,0,1628,11205,NA,NA,NA,NA,NA,14,125592,164,True,1,False,32,True,2,True,1,True,1,True,7,16744,0,True
349,ItadoriYuujii,Caitlyn,BOTTOM,1,8,5,0,1528,8176,NA,NA,NA,NA,NA,13,92067,163,False,0,True,17,False,0,False,0,False,0,False,1,13657,0,False
350,ItadoriYuujii,Caitlyn,BOTTOM,7,3,11,0,1328,10826,NA,NA,NA,NA,NA,5,102720,145,False,0,True,39,True,3,True,3,True,1,True,11,10995,0,True
351,ItadoriYuujii,Caitlyn,BOTTOM,10,6,16,20,2114,16353,NA,NA,NA,NA,NA,28,187317,198,True,1,True,57,False,3,True,3,False,0,False,11,16716,0,True
352,ItadoriYuujii,Caitlyn,BOTTOM,7,9,3,0,1408,10106,NA,NA,NA,NA,NA,10,95928,143,False,0,False,15,False,0,False,0,False,0,False,1,15490,0,False
353,ItadoriYuujii,Caitlyn,BOTTOM,3,1,7,4,1321,8889,NA,NA,NA,NA,NA,16,91400,146,False,0,True,23,True,3,True,1,False,1,True,7,7032,0,True
354,ItadoriYuujii,Caitlyn,BOTTOM,0,0,1,0,194,1282,NA,NA,NA,NA,NA,0,5050,17,False,0,True,1,False,0,False,0,False,0,False,0,317,0,True
355,ItadoriYuujii,Caitlyn,BOTTOM,10,4,3,0,1451,12312,NA,NA,NA,NA,NA,17,131386,179,False,0,True,29,True,3,True,2,False,1,True,9,10393,0,True
356,ItadoriYuujii,Jinx,BOTTOM,7,6,22,32,2016,16684,NA,NA,NA,NA,NA,14,214229,187,True,1,False,32,True,3,False,1,False,1,True,9,22339,0,True
357,ItadoriYuujii,Jinx,BOTTOM,1,10,11,16,1901,10035,NA,NA,NA,NA,NA,16,139966,182,False,0,True,20,False,1,False,0,False,0,False,3,20782,0,False
358,ItadoriYuujii,Caitlyn,BOTTOM,2,1,9,4,878,6834,NA,NA,NA,NA,NA,7,51274,97,False,0,False,17,False,1,False,0,False,0,True,3,4003,0,True
359,ItadoriYuujii,Jinx,BOTTOM,2,4,1,4,1211,6565,NA,NA,NA,NA,NA,10,66481,153,False,0,True,8,True,1,False,0,True,1,False,0,7451,0,False
360,ItadoriYuujii,Jinx,BOTTOM,11,5,3,26,1650,13369,NA,NA,NA,NA,NA,31,157684,177,True,1,False,40,False,2,True,3,True,1,True,9,19897,0,True
361,ItadoriYuujii,Caitlyn,BOTTOM,6,2,6,4,2048,13617,NA,NA,NA,NA,NA,16,200670,229,True,1,False,18,True,3,False,0,False,0,False,2,21279,0,False
362,ItadoriYuujii,Caitlyn,BOTTOM,4,4,2,12,1564,10023,NA,NA,NA,NA,NA,28,115156,182,False,0,False,11,False,1,False,0,True,1,True,3,12270,0,False
363,ItadoriYuujii,Caitlyn,BOTTOM,4,5,12,0,1870,13611,NA,NA,NA,NA,NA,11,139006,191,False,0,False,23,False,0,False,0,False,0,True,5,13194,0,False
364,ItadoriYuujii,Jinx,BOTTOM,7,13,17,25,2273,15621,NA,NA,NA,NA,NA,42,202557,208,True,1,False,50,True,3,True,4,False,0,True,10,30152,0,True
365,ItadoriYuujii,Jinx,BOTTOM,6,2,9,74,2147,15282,NA,NA,NA,NA,NA,26,265507,209,True,1,False,38,False,2,True,3,True,2,True,11,16834,0,True
366,ItadoriYuujii,Caitlyn,BOTTOM,2,5,13,16,2544,15162,NA,NA,NA,NA,NA,26,221301,240,True,2,True,43,False,2,True,1,True,1,False,8,29974,0,True
367,ItadoriYuujii,Blitzcrank,UTILITY,0,5,6,0,1675,5662,NA,NA,NA,NA,NA,28,18777,24,False,0,True,14,True,2,False,0,True,1,True,2,17002,1040,False
368,ItadoriYuujii,Nautilus,UTILITY,0,8,15,0,1980,7358,NA,NA,NA,NA,NA,22,25012,26,False,0,True,29,False,2,True,3,True,2,False,7,22947,1573,False
369,ItadoriYuujii,Blitzcrank,UTILITY,2,7,19,4,2223,9828,NA,NA,NA,NA,NA,55,37560,29,False,1,True,42,True,3,False,1,False,0,False,7,25802,1997,True
370,ItadoriYuujii,Blitzcrank,JUNGLE,3,9,23,0,2090,9863,NA,NA,NA,NA,NA,69,30085,27,True,2,False,51,True,2,True,3,False,0,False,7,26534,1787,True
371,ItadoriYuujii,Blitzcrank,UTILITY,3,6,7,0,1730,7102,NA,NA,NA,NA,NA,32,23477,30,False,0,True,26,True,1,False,0,True,1,True,4,21659,1061,False
372,ItadoriYuujii,Blitzcrank,UTILITY,1,4,14,0,1602,6442,NA,NA,NA,NA,NA,20,20277,22,False,0,True,23,True,1,False,0,False,0,False,2,17884,496,False
373,ItadoriYuujii,Blitzcrank,UTILITY,3,4,10,4,1724,7926,NA,NA,NA,NA,NA,31,15386,18,False,0,False,28,False,2,True,2,True,1,True,8,13593,431,False
374,ItadoriYuujii,Nautilus,UTILITY,1,6,20,0,1900,8536,NA,NA,NA,NA,NA,29,35839,45,False,1,True,37,False,3,False,2,True,1,False,7,20237,1726,True
375,ItadoriYuujii,Nautilus,UTILITY,1,5,16,0,1950,7459,NA,NA,NA,NA,NA,35,22648,25,False,0,False,30,False,1,False,0,False,1,False,2,20957,984,False
376,ItadoriYuujii,Caitlyn,BOTTOM,4,3,5,0,1740,10983,NA,NA,NA,NA,NA,24,142463,211,False,0,True,23,True,2,True,1,True,1,False,4,14882,0,False
377,ItadoriYuujii,Annie,MIDDLE,13,10,14,5,2253,16704,NA,NA,NA,NA,NA,19,133874,154,False,1,True,47,False,1,False,0,False,0,False,2,40672,1663,False
378,ItadoriYuujii,Caitlyn,BOTTOM,15,4,5,11,1826,15618,NA,NA,NA,NA,NA,17,183720,192,True,2,True,40,False,3,True,2,False,0,False,10,17957,0,True
379,ItadoriYuujii,Nautilus,UTILITY,1,6,4,0,1929,7089,NA,NA,NA,NA,NA,30,20020,27,False,0,True,7,True,1,False,0,False,0,False,0,19313,479,False
380,ItadoriYuujii,Blitzcrank,UTILITY,0,4,19,0,1530,7860,NA,NA,NA,NA,NA,39,28596,35,True,1,True,34,True,4,True,3,True,2,True,11,16987,676,True
381,ItadoriYuujii,Nautilus,UTILITY,2,5,20,0,1859,8881,NA,NA,NA,NA,NA,41,29539,24,False,0,True,36,True,3,True,1,True,2,True,8,20969,1067,True
382,ItadoriYuujii,Pyke,UTILITY,4,5,7,0,1414,7468,NA,NA,NA,NA,NA,22,25097,33,False,0,False,25,False,0,False,0,True,2,False,2,15543,0,False
383,ItadoriYuujii,Nautilus,UTILITY,2,5,7,0,1771,6779,NA,NA,NA,NA,NA,40,22649,26,False,0,False,14,False,0,False,0,False,1,False,2,13899,1457,False
384,ItadoriYuujii,Nautilus,UTILITY,3,1,22,0,1706,8401,NA,NA,NA,NA,NA,45,31759,32,True,1,True,38,True,3,True,1,False,1,False,5,13373,883,True
385,ItadoriYuujii,Nautilus,UTILITY,5,5,14,4,1613,8437,NA,NA,NA,NA,NA,36,32378,36,False,0,False,31,True,4,True,1,False,0,False,7,15546,994,True
386,ItadoriYuujii,Brand,UTILITY,2,9,12,4,1717,8521,NA,NA,NA,NA,NA,38,54810,31,True,1,False,41,True,4,True,2,False,0,True,9,13202,0,True
387,ItadoriYuujii,Nautilus,UTILITY,1,2,10,0,1504,6212,NA,NA,NA,NA,NA,23,23243,29,False,0,True,18,True,1,False,0,False,0,False,1,14261,415,False
388,ItadoriYuujii,Nautilus,UTILITY,2,6,20,8,2016,9505,NA,NA,NA,NA,NA,56,36852,25,True,1,True,37,True,4,True,1,True,1,True,7,20939,708,True
389,ItadoriYuujii,Nautilus,UTILITY,2,1,19,0,1800,7938,NA,NA,NA,NA,NA,48,32033,38,False,0,True,35,False,2,False,0,False,0,False,5,11636,972,True
390,ItadoriYuujii,Nautilus,UTILITY,2,9,11,0,2142,8390,NA,NA,NA,NA,NA,59,26773,36,False,0,False,27,True,3,False,0,True,2,True,4,26111,1283,False
391,ItadoriYuujii,Nautilus,UTILITY,2,8,12,0,2344,9631,NA,NA,NA,NA,NA,52,35870,42,False,0,True,32,True,4,True,2,False,0,False,10,25594,0,False
392,ItadoriYuujii,Nautilus,UTILITY,1,11,12,0,2248,8625,NA,NA,NA,NA,NA,51,30165,38,True,1,True,43,True,3,True,1,False,0,True,7,27837,1234,True
393,ItadoriYuujii,Nautilus,UTILITY,3,8,13,0,2118,9739,NA,NA,NA,NA,NA,62,43962,46,True,2,True,47,True,4,True,3,False,1,False,8,22550,1205,False
394,ItadoriYuujii,Leblanc,MIDDLE,3,3,6,0,1535,7637,NA,NA,NA,NA,NA,12,61415,117,False,0,False,18,False,0,False,0,False,0,False,0,17870,0,False
395,ItadoriYuujii,Caitlyn,BOTTOM,8,9,10,12,1658,12063,NA,NA,NA,NA,NA,12,105627,128,True,1,False,38,False,3,True,1,False,1,False,9,17077,0,True
396,ItadoriYuujii,Caitlyn,BOTTOM,5,3,13,8,1539,11469,NA,NA,NA,NA,NA,28,125579,189,False,0,False,43,True,4,True,1,True,1,True,7,11996,0,True
397,ItadoriYuujii,Veigar,MIDDLE,4,4,7,0,1712,11498,NA,NA,NA,NA,NA,12,150897,228,False,0,False,15,False,0,False,0,False,0,False,0,21309,0,False
398,ItadoriYuujii,Caitlyn,BOTTOM,17,1,4,8,1497,14507,NA,NA,NA,NA,NA,19,153681,163,True,1,False,31,True,4,True,2,True,2,True,10,10567,0,True
399,ItadoriYuujii,Lux,MIDDLE,4,5,4,0,1189,7510,NA,NA,NA,NA,NA,11,71853,117,False,0,False,28,True,3,True,2,False,0,True,7,9760,146,True
400,ItadoriYuujii,Diana,JUNGLE,9,7,6,118,1863,12532,NA,NA,NA,NA,NA,13,170399,50,False,0,False,32,False,1,False,0,True,1,False,3,31831,0,False
401,ItadoriYuujii,Annie,MIDDLE,9,5,12,0,1716,13481,NA,NA,NA,NA,NA,13,99660,153,True,1,False,43,True,2,True,2,True,1,True,10,21035,1241,True
402,ItadoriYuujii,Leblanc,MIDDLE,5,3,7,4,1220,9325,NA,NA,NA,NA,NA,10,58342,121,False,0,True,28,True,3,True,1,True,2,True,8,10863,0,True
403,ItadoriYuujii,Veigar,MIDDLE,2,7,1,0,1641,8718,NA,NA,NA,NA,NA,11,101473,188,False,0,True,16,True,1,False,0,False,0,False,4,12164,0,False
404,ItadoriYuujii,Veigar,MIDDLE,10,3,1,0,1352,11194,NA,NA,NA,NA,NA,9,89874,145,False,0,True,21,True,3,True,1,False,0,True,6,10626,0,True
405,ItadoriYuujii,Veigar,MIDDLE,4,8,13,8,2114,12013,NA,NA,NA,NA,NA,42,129274,174,False,0,True,42,False,2,False,0,False,0,False,5,26714,0,False
406,ItadoriYuujii,Veigar,MIDDLE,8,7,6,1,1926,11986,NA,NA,NA,NA,NA,14,129751,181,False,0,True,46,True,2,False,0,False,1,False,4,24048,0,False
407,ItadoriYuujii,Jinx,BOTTOM,13,1,10,8,1565,14467,NA,NA,NA,NA,NA,11,146261,174,True,1,True,42,False,3,True,2,False,0,True,10,14394,0,True
408,ItadoriYuujii,Veigar,MIDDLE,5,4,6,8,1650,11451,NA,NA,NA,NA,NA,23,136891,186,True,1,True,35,True,4,True,2,True,1,True,8,14537,0,True
409,ItadoriYuujii,Veigar,MIDDLE,1,5,7,0,1549,8728,NA,NA,NA,NA,NA,6,112330,185,False,0,False,17,True,1,False,0,False,0,False,0,17237,0,False
410,ItadoriYuujii,Jinx,BOTTOM,7,8,16,1,2516,16114,NA,NA,NA,NA,NA,20,283008,272,False,1,True,43,False,4,True,2,True,2,True,7,28005,0,True
411,ItadoriYuujii,Veigar,MIDDLE,4,2,6,2,1594,10711,NA,NA,NA,NA,NA,10,126314,185,False,0,True,33,True,4,True,2,True,1,True,9,10756,0,True
412,ItadoriYuujii,Veigar,MIDDLE,3,6,13,4,1766,10393,NA,NA,NA,NA,NA,12,102631,147,True,1,True,46,True,3,True,4,False,0,False,11,17866,0,True
413,ItadoriYuujii,Veigar,MIDDLE,3,6,10,1,1612,9466,NA,NA,NA,NA,NA,10,104191,173,True,1,True,22,False,1,False,0,False,0,False,1,17489,0,False
414,ItadoriYuujii,Veigar,MIDDLE,9,4,11,12,1986,15045,NA,NA,NA,NA,NA,13,190697,197,False,1,False,41,False,4,True,2,False,1,False,9,19363,0,True
415,ItadoriYuujii,Veigar,MIDDLE,8,3,4,0,1708,12176,NA,NA,NA,NA,NA,13,132112,203,False,0,False,19,False,1,False,0,False,0,False,1,17459,0,False
416,ItadoriYuujii,Ahri,MIDDLE,3,7,12,0,2135,11784,NA,NA,NA,NA,NA,14,121455,168,True,2,True,42,True,3,True,4,True,1,True,11,26959,0,True
417,ItadoriYuujii,Veigar,MIDDLE,15,1,6,12,1997,18027,NA,NA,NA,NA,NA,19,233841,260,False,0,False,31,True,5,True,1,True,1,True,8,18718,0,True
418,ItadoriYuujii,Morgana,UTILITY,4,10,16,0,1569,8685,NA,NA,NA,NA,NA,44,46264,33,False,0,False,33,False,1,False,0,True,1,True,5,17221,469,False
419,ItadoriYuujii,Nautilus,UTILITY,1,7,24,0,2526,11753,NA,NA,NA,NA,NA,72,43754,43,True,2,False,42,False,3,False,1,True,1,True,9,31917,2464,True
420,ItadoriYuujii,Annie,MIDDLE,2,3,5,8,1602,8290,NA,NA,NA,NA,NA,10,67062,120,False,0,False,30,False,2,False,0,True,2,False,6,12617,535,False
421,ItadoriYuujii,Caitlyn,BOTTOM,2,1,4,0,1490,8943,NA,NA,NA,NA,NA,4,116179,192,False,0,True,12,False,0,False,0,False,0,False,1,8369,0,False
422,ItadoriYuujii,Caitlyn,BOTTOM,3,8,15,0,1790,10351,NA,NA,NA,NA,NA,7,107462,164,False,0,True,33,False,0,False,0,False,1,False,3,20805,0,False
423,ItadoriYuujii,Caitlyn,BOTTOM,7,3,11,8,1728,12996,NA,NA,NA,NA,NA,14,129699,176,True,1,True,29,True,4,True,1,True,2,True,9,19081,0,True
424,ItadoriYuujii,Jinx,BOTTOM,4,3,11,4,1887,13456,NA,NA,NA,NA,NA,16,166491,209,True,2,True,33,True,3,True,2,True,2,True,10,13366,0,True
425,ItadoriYuujii,Jinx,BOTTOM,5,5,5,0,1662,9816,NA,NA,NA,NA,NA,6,125224,168,False,0,False,18,True,1,False,0,False,1,False,4,14602,0,False
426,ItadoriYuujii,Annie,MIDDLE,4,7,20,12,2405,14081,NA,NA,NA,NA,NA,24,138918,169,True,2,True,37,False,4,True,3,False,1,True,10,23031,1006,True
427,ItadoriYuujii,Diana,JUNGLE,7,14,10,80,1699,10257,NA,NA,NA,NA,NA,10,116054,31,False,0,True,30,False,0,False,0,False,0,False,2,32151,0,False
428,ItadoriYuujii,Kayn,JUNGLE,1,8,9,116,1897,9738,NA,NA,NA,NA,NA,19,148719,64,False,0,True,35,True,2,False,0,True,1,True,3,35105,0,False
429,ItadoriYuujii,Kayn,JUNGLE,9,4,12,148,1855,14097,NA,NA,NA,NA,NA,15,188145,46,True,1,False,45,True,3,True,3,True,1,True,11,35134,0,True
430,ItadoriYuujii,Diana,JUNGLE,3,6,11,116,1779,9977,NA,NA,NA,NA,NA,21,137442,23,True,1,True,36,True,3,True,2,False,0,True,9,23349,0,True
431,ItadoriYuujii,Diana,JUNGLE,7,7,11,193,2622,15674,NA,NA,NA,NA,NA,32,280279,67,False,0,True,40,False,3,True,1,True,1,False,7,39741,0,True
432,ItadoriYuujii,Annie,MIDDLE,4,5,11,0,1721,9591,NA,NA,NA,NA,NA,12,80496,147,False,0,False,25,False,1,False,0,True,1,True,1,17959,545,False
433,ItadoriYuujii,Annie,MIDDLE,2,1,7,4,1490,8502,NA,NA,NA,NA,NA,10,64958,126,False,0,True,29,True,4,True,2,False,0,True,8,8325,460,True
434,ItadoriYuujii,Annie,MIDDLE,0,2,0,0,1257,5469,NA,NA,NA,NA,NA,12,46639,125,False,0,False,7,False,0,False,0,False,0,False,0,7009,81,False
435,ItadoriYuujii,Veigar,MIDDLE,7,6,13,21,2227,14021,NA,NA,NA,NA,NA,22,163046,178,True,2,True,43,True,2,True,2,False,0,False,9,20429,0,True
436,ItadoriYuujii,Annie,MIDDLE,5,5,7,10,1919,11435,NA,NA,NA,NA,NA,16,120110,164,True,1,True,51,False,3,True,3,True,1,True,11,19563,992,True
437,ItadoriYuujii,Jinx,BOTTOM,6,3,11,17,1638,12183,NA,NA,NA,NA,NA,8,126305,179,False,0,False,33,True,4,True,1,False,1,True,8,15845,0,True
438,ItadoriYuujii,Jinx,BOTTOM,8,1,9,20,1270,11158,NA,NA,NA,NA,NA,14,102750,108,True,1,True,30,True,2,True,2,True,2,True,10,12735,0,True
439,ItadoriYuujii,MissFortune,BOTTOM,2,4,8,0,1301,7233,NA,NA,NA,NA,NA,13,64606,131,False,0,False,17,False,1,True,1,True,1,True,6,11247,0,True
440,ItadoriYuujii,Annie,MIDDLE,6,3,9,4,1652,11473,NA,NA,NA,NA,NA,15,86388,152,True,1,False,28,True,2,True,2,True,1,True,10,16317,315,True
441,ItadoriYuujii,Jinx,BOTTOM,11,6,13,4,2721,21486,NA,NA,NA,NA,NA,20,402547,364,False,1,False,42,False,2,False,1,False,0,False,7,19719,0,True
442,ItadoriYuujii,Ekko,MIDDLE,6,4,6,4,1300,8165,NA,NA,NA,NA,NA,9,65157,104,False,0,True,20,True,1,False,0,True,1,False,0,13718,0,False
443,ItadoriYuujii,Annie,MIDDLE,13,4,4,4,1832,13424,NA,NA,NA,NA,NA,11,125239,146,True,1,True,41,False,0,True,2,True,2,True,10,18259,1041,True
444,ItadoriYuujii,Annie,MIDDLE,10,5,5,0,1992,14328,NA,NA,NA,NA,NA,10,149478,228,False,0,False,25,False,2,False,0,True,1,False,2,17772,1636,False
445,ItadoriYuujii,Annie,MIDDLE,6,5,9,0,1653,10883,NA,NA,NA,NA,NA,13,86718,157,False,0,False,31,True,1,False,0,True,1,True,4,13227,483,False
446,ItadoriYuujii,Annie,MIDDLE,6,5,18,8,2194,13203,NA,NA,NA,NA,NA,12,158868,198,False,0,True,42,False,4,False,0,False,0,False,2,19915,881,False
447,ItadoriYuujii,Annie,MIDDLE,2,4,3,0,1294,7075,NA,NA,NA,NA,NA,10,52113,130,False,0,False,9,False,1,False,0,False,0,False,1,9381,318,False
448,ItadoriYuujii,Annie,MIDDLE,12,1,7,16,1679,13421,NA,NA,NA,NA,NA,10,114530,167,True,1,True,32,True,3,True,3,False,1,True,11,13631,931,True
449,ItadoriYuujii,Jinx,BOTTOM,9,7,3,12,1718,12703,NA,NA,NA,NA,NA,12,122991,163,False,0,False,22,False,0,False,0,False,0,False,1,17429,0,False
450,ItadoriYuujii,Diana,JUNGLE,4,9,13,103,1682,9734,NA,NA,NA,NA,NA,15,148910,36,False,0,False,25,True,1,False,0,False,0,False,1,28059,0,False
451,ItadoriYuujii,Jinx,BOTTOM,5,7,12,44,1656,11228,NA,NA,NA,NA,NA,11,127369,131,True,1,False,50,True,3,True,3,True,1,True,11,19383,0,True
452,ItadoriYuujii,Annie,MIDDLE,13,8,15,8,2115,14809,NA,NA,NA,NA,NA,19,107501,146,True,1,True,56,False,4,True,3,True,1,True,9,26860,1674,True
453,ItadoriYuujii,Annie,MIDDLE,11,6,9,8,1894,12965,NA,NA,NA,NA,NA,6,110889,140,True,1,False,31,True,2,True,1,True,2,True,10,22221,302,True
454,ItadoriYuujii,Annie,MIDDLE,9,8,8,18,2734,15480,NA,NA,NA,NA,NA,22,170208,213,True,1,False,34,True,3,False,0,False,0,True,4,31815,2291,False
455,ItadoriYuujii,Annie,MIDDLE,21,7,14,8,2430,19878,NA,NA,NA,NA,NA,13,192950,189,True,2,False,52,True,4,True,3,True,2,False,11,30801,2261,True
456,ItadoriYuujii,Jinx,BOTTOM,3,1,5,16,1084,8127,NA,NA,NA,NA,NA,5,91747,152,False,0,True,21,True,2,False,0,True,1,True,4,7000,0,True
457,ItadoriYuujii,Annie,MIDDLE,3,6,1,10,2621,12158,NA,NA,NA,NA,NA,14,130333,176,False,0,False,29,True,3,False,0,False,0,False,4,28249,604,False
458,ItadoriYuujii,Kayn,JUNGLE,5,9,18,83,2092,11804,NA,NA,NA,NA,NA,14,140552,68,False,0,False,36,False,2,False,0,False,0,False,0,54190,0,False
459,ItadoriYuujii,Diana,JUNGLE,4,8,14,100,2226,13807,NA,NA,NA,NA,NA,11,249651,96,False,0,False,36,False,1,False,0,False,0,False,0,33259,0,False
460,ItadoriYuujii,Sylas,TOP,2,7,5,0,1529,7011,NA,NA,NA,NA,NA,12,57479,110,False,0,True,18,False,2,False,0,False,0,False,0,19292,0,False
461,ItadoriYuujii,Annie,MIDDLE,0,0,1,0,198,1057,NA,NA,NA,NA,NA,0,3774,17,False,0,True,2,False,0,False,0,False,0,False,0,209,0,False
462,ItadoriYuujii,Veigar,MIDDLE,5,7,7,8,2080,10333,NA,NA,NA,NA,NA,7,111765,147,False,0,False,28,True,2,False,0,False,0,True,2,19090,0,False
463,ItadoriYuujii,Fizz,MIDDLE,7,7,14,4,2418,16894,NA,NA,NA,NA,NA,13,222068,252,False,1,False,49,False,2,False,1,False,1,False,8,35470,0,True
464,ItadoriYuujii,Diana,JUNGLE,5,9,4,88,1601,10664,NA,NA,NA,NA,NA,8,155122,75,False,0,False,18,False,0,False,1,False,0,False,3,27958,0,False
465,ItadoriYuujii,MissFortune,BOTTOM,4,3,0,4,1298,7855,NA,NA,NA,NA,NA,11,68154,139,False,0,True,12,False,0,False,0,True,1,False,1,13227,0,False
466,ItadoriYuujii,Annie,MIDDLE,9,3,11,8,1388,10981,NA,NA,NA,NA,NA,9,94110,130,False,0,True,41,False,1,True,2,True,2,True,10,11604,93,True
467,ItadoriYuujii,MissFortune,BOTTOM,4,2,8,16,1236,8558,NA,NA,NA,NA,NA,18,73832,95,False,0,False,36,False,2,True,1,True,1,True,8,11688,0,True
468,ItadoriYuujii,Annie,MIDDLE,11,2,9,5,1479,12041,NA,NA,NA,NA,NA,13,84329,141,True,1,True,42,True,2,True,2,False,1,True,10,10004,248,True
469,ItadoriYuujii,Veigar,MIDDLE,1,3,3,1,1420,7702,NA,NA,NA,NA,NA,7,87019,154,False,0,True,9,False,0,False,0,False,0,False,1,10542,0,False
470,ItadoriYuujii,Veigar,MIDDLE,4,7,10,6,1858,11615,NA,NA,NA,NA,NA,4,129170,154,False,0,False,33,False,1,False,0,False,1,False,5,16723,0,False
471,ItadoriYuujii,Diana,JUNGLE,10,6,18,91,1587,13355,NA,NA,NA,NA,NA,17,139289,36,True,1,False,36,False,1,True,2,True,1,False,9,19540,0,True
472,ItadoriYuujii,Veigar,MIDDLE,2,1,0,4,1202,7801,NA,NA,NA,NA,NA,5,90700,160,False,0,True,24,False,2,True,1,True,2,True,8,4018,0,True
473,ItadoriYuujii,Veigar,MIDDLE,6,5,2,0,1782,11894,NA,NA,NA,NA,NA,17,135384,200,False,0,True,20,False,0,False,0,False,0,False,3,18629,0,False
474,ItadoriYuujii,Veigar,MIDDLE,0,3,1,0,2198,8259,NA,NA,NA,NA,NA,6,50431,108,True,1,False,33,True,5,False,2,True,1,True,10,6484,0,True
475,ItadoriYuujii,Diana,JUNGLE,1,5,3,75,1089,5215,NA,NA,NA,NA,NA,7,78476,12,False,0,False,8,False,0,False,0,False,0,False,0,15032,0,False
476,ItadoriYuujii,Veigar,MIDDLE,8,2,14,24,1847,14922,NA,NA,NA,NA,NA,25,203589,206,True,1,True,41,True,4,True,2,True,2,True,11,15251,0,True
477,ItadoriYuujii,Diana,JUNGLE,1,0,0,12,203,1336,NA,NA,NA,NA,NA,2,9191,1,False,0,False,1,False,0,False,0,False,0,False,0,1784,0,True
478,ItadoriYuujii,Diana,JUNGLE,16,4,18,134,2211,18606,NA,NA,NA,NA,NA,13,238633,76,False,0,True,44,True,3,False,1,False,1,False,8,34542,0,True
479,ItadoriYuujii,Syndra,MIDDLE,2,3,7,0,1675,8717,NA,NA,NA,NA,NA,16,94026,158,False,0,False,19,True,1,False,0,False,0,False,1,16538,0,False
480,ItadoriYuujii,Sylas,MIDDLE,6,8,7,4,2376,13459,NA,NA,NA,NA,NA,25,158034,189,True,1,True,31,True,3,False,1,True,2,False,7,36069,0,False
481,ItadoriYuujii,Ahri,MIDDLE,2,7,11,2,1601,7998,NA,NA,NA,NA,NA,12,68568,94,False,0,False,27,False,1,False,0,False,0,False,2,18506,0,False
482,ItadoriYuujii,Ahri,MIDDLE,13,1,2,12,1420,11757,NA,NA,NA,NA,NA,17,95913,111,True,1,True,37,True,3,True,1,True,2,True,8,10186,0,True
483,ItadoriYuujii,Diana,JUNGLE,6,7,5,105,1624,9842,NA,NA,NA,NA,NA,9,144270,35,False,0,True,17,False,0,False,0,False,0,False,3,24396,0,False
484,ItadoriYuujii,MissFortune,BOTTOM,12,7,7,4,2352,18387,NA,NA,NA,NA,NA,12,235277,257,False,1,False,48,False,3,False,0,False,0,False,3,35923,0,False
485,ItadoriYuujii,LeeSin,JUNGLE,3,8,10,78,2024,8847,NA,NA,NA,NA,NA,11,117797,23,False,0,True,26,False,0,False,0,True,1,False,1,39507,587,False
486,ItadoriYuujii,LeeSin,JUNGLE,1,3,7,80,924,5842,NA,NA,NA,NA,NA,5,68706,13,False,0,True,15,True,2,False,0,False,0,True,3,13766,157,True
487,ItadoriYuujii,Diana,JUNGLE,3,7,8,120,1447,8477,NA,NA,NA,NA,NA,9,141944,21,False,0,True,19,True,1,False,0,True,1,False,3,21217,0,False
488,ItadoriYuujii,Diana,JUNGLE,6,9,9,125,2165,12075,NA,NA,NA,NA,NA,22,149965,35,True,1,True,34,False,1,False,0,True,1,True,4,33304,0,False
489,ItadoriYuujii,Diana,JUNGLE,3,3,4,155,1658,10391,NA,NA,NA,NA,NA,16,176469,19,True,1,False,23,True,4,True,3,True,2,True,11,21448,0,True
490,ItadoriYuujii,Diana,JUNGLE,25,5,5,145,2202,19180,NA,NA,NA,NA,NA,14,242324,73,False,0,False,48,False,2,False,0,True,2,False,7,35773,0,False
491,ItadoriYuujii,Diana,JUNGLE,5,5,13,158,1848,12417,NA,NA,NA,NA,NA,32,215732,43,True,1,True,39,True,4,True,1,False,0,False,9,19345,0,True
492,ItadoriYuujii,Diana,JUNGLE,5,9,9,74,1604,8773,NA,NA,NA,NA,NA,21,92993,29,False,0,False,20,False,0,False,0,False,0,False,1,24361,0,False
493,ItadoriYuujii,Caitlyn,BOTTOM,4,6,3,16,1710,10640,NA,NA,NA,NA,NA,25,136673,205,False,0,False,26,False,2,False,0,True,2,True,4,15275,0,False
494,ItadoriYuujii,Diana,JUNGLE,3,3,3,127,1648,8889,NA,NA,NA,NA,NA,21,147543,39,False,0,True,15,True,3,False,0,False,1,False,4,21193,0,False
495,ItadoriYuujii,Diana,JUNGLE,9,6,9,143,1901,12969,NA,NA,NA,NA,NA,10,196575,46,False,0,True,32,False,2,False,0,False,0,True,4,23517,0,False
496,ItadoriYuujii,Diana,JUNGLE,4,4,1,116,1899,11309,NA,NA,NA,NA,NA,11,203428,74,False,0,False,10,False,0,False,0,False,0,False,2,19242,0,False
497,ItadoriYuujii,XinZhao,JUNGLE,11,11,18,113,2384,16813,NA,NA,NA,NA,NA,15,175801,58,False,1,True,52,False,2,False,0,False,0,False,4,55968,0,False
498,ItadoriYuujii,Diana,JUNGLE,3,4,5,124,1961,10098,NA,NA,NA,NA,NA,14,151469,39,False,0,True,15,True,2,True,1,False,0,False,5,16148,0,False
499,ItadoriYuujii,Diana,JUNGLE,7,7,11,107,2106,12550,NA,NA,NA,NA,NA,22,157854,68,False,0,True,33,True,3,False,0,False,0,False,4,30505,0,False
